-- phpMyAdmin SQL Dump
-- version 5.2.1
-- https://www.phpmyadmin.net/
--
-- Servidor: 127.0.0.1
-- Tiempo de generación: 10-03-2026 a las 03:59:54
-- Versión del servidor: 10.4.32-MariaDB
-- Versión de PHP: 8.2.12

SET SQL_MODE = "NO_AUTO_VALUE_ON_ZERO";
START TRANSACTION;
SET time_zone = "+00:00";


/*!40101 SET @OLD_CHARACTER_SET_CLIENT=@@CHARACTER_SET_CLIENT */;
/*!40101 SET @OLD_CHARACTER_SET_RESULTS=@@CHARACTER_SET_RESULTS */;
/*!40101 SET @OLD_COLLATION_CONNECTION=@@COLLATION_CONNECTION */;
/*!40101 SET NAMES utf8mb4 */;

--
-- Base de datos: `activity7`
--

-- --------------------------------------------------------

--
-- Estructura de tabla para la tabla `courses`
--

CREATE TABLE `courses` (
  `id` bigint(20) UNSIGNED NOT NULL,
  `course_key` varchar(255) NOT NULL,
  `title` varchar(255) NOT NULL,
  `cover_image` varchar(255) DEFAULT NULL,
  `content` longtext NOT NULL,
  `kit_id` bigint(20) UNSIGNED NOT NULL,
  `created_at` timestamp NULL DEFAULT NULL,
  `updated_at` timestamp NULL DEFAULT NULL
) ENGINE=InnoDB DEFAULT CHARSET=utf8mb4 COLLATE=utf8mb4_unicode_ci;

--
-- Volcado de datos para la tabla `courses`
--

INSERT INTO `courses` (`id`, `course_key`, `title`, `cover_image`, `content`, `kit_id`, `created_at`, `updated_at`) VALUES
(1, 'Rob940', 'Special Topics in ROS (Robot OS)', 'covers/molestiae-est-rerum-adipisci-rerum.jpg', 'A cumque illum saepe eos. Animi et harum id aliquam labore ut. Veniam ipsum qui officiis consequatur cum temporibus.\n\nDicta iste aut ut hic officia asperiores quae saepe. Voluptatem placeat sapiente nemo consequatur. At necessitatibus enim ratione rerum necessitatibus doloremque quod. Aut minus cupiditate expedita possimus non voluptas ullam.\n\nIpsam molestias explicabo culpa mollitia. Nostrum rem accusantium qui. Ex rerum itaque nostrum ut. Quia et iste quas eum velit quis fugit laboriosam.\n\nRepellat provident eum et eligendi assumenda. Error recusandae praesentium minus illum dolore eos. Quos nobis est et sit rerum.\n\nSequi dolorum qui quidem id ex velit provident sit. Enim minima aliquid velit alias quibusdam sit sed aut.', 1, '2026-03-10 09:58:06', '2026-03-10 09:58:06'),
(2, 'Rob435', 'Applied Embedded Systems', 'covers/esse-enim-aut-itaque.jpg', 'Dolores explicabo ullam rem maiores impedit est. Eum ut dolorum in sunt. Eum asperiores et deserunt optio et deserunt et.\n\nNulla non aut est et et neque beatae praesentium. Mollitia qui et dolore deserunt natus numquam. Labore facilis eum corporis sed dicta facere odio. Reprehenderit et quia quae et eos ullam minus.\n\nQuas dolor recusandae consectetur et qui ut. Sed quia et alias quia voluptas deserunt in. Et sunt veritatis nihil aspernatur qui vel magnam ab. Voluptas est et vel laborum.\n\nUnde autem voluptatem impedit. Molestiae culpa aspernatur est.\n\nNon debitis repellendus suscipit est. Sed est reiciendis doloribus et excepturi. Quam voluptas et ullam sequi dolorem nostrum voluptas aspernatur. Praesentium libero porro eos aliquam et voluptatem aut.', 1, '2026-03-10 09:58:06', '2026-03-10 09:58:06'),
(3, 'Rob926', 'Introduction to Control Systems', 'covers/libero-voluptatibus-deserunt.jpg', 'Vitae illo veritatis quos voluptatem adipisci impedit. Dolores itaque earum quam rem rem illo. Enim recusandae eos non in. Porro pariatur ipsa autem aut. Fuga quod vero pariatur soluta sit inventore repellat.\n\nSed sit consequatur expedita cum asperiores. Dolorem laborum maiores fugit quisquam quae labore incidunt praesentium. Nihil recusandae velit odit est at velit.\n\nAutem explicabo et ratione dolores. Voluptas ut aut suscipit non voluptate deserunt. Sed et ut quia quibusdam deleniti velit. Velit atque itaque ea.\n\nEt numquam minus id sunt itaque aut. Quo eos nam debitis. Incidunt perferendis eius harum qui aut dolor similique.\n\nQuis animi recusandae exercitationem facere sed illum id. Harum et voluptatem et consequatur qui autem dolores. Ducimus provident voluptatem officia tempore veniam autem doloribus. Quo odit dolore est consequatur.', 3, '2026-03-10 09:58:06', '2026-03-10 09:58:06'),
(4, 'Rob783', 'Introduction to Control Systems', 'covers/alias-a-sit.jpg', 'Repudiandae nemo delectus eligendi deserunt saepe ab. Totam aperiam a pariatur unde. Sint labore vitae modi amet reiciendis nihil. Fugit id quia qui voluptas id beatae.\n\nQuod necessitatibus commodi quisquam aut et aut. Voluptates quam consequatur quia aut distinctio odio in. Omnis eligendi sint et est et.\n\nConsequatur est veritatis debitis similique dolorum consectetur. Et similique numquam sit ad ratione. Qui ab quibusdam aut vel quis sed.\n\nSunt beatae optio qui nulla nihil ipsum. Aliquam dicta quae soluta molestiae vel rem. Exercitationem quisquam aut dolorum vel qui ipsam.\n\nIllo explicabo ad ex id quisquam repellat. Quo voluptas ut in iusto dolorem nemo. Est accusantium sapiente quia cupiditate nesciunt rerum.', 1, '2026-03-10 09:58:06', '2026-03-10 09:58:06'),
(5, 'Rob486', 'Fundamentals of Artificial Intelligence for Robots', 'covers/quasi-vel-voluptatem.jpg', 'Dicta non ut facere aut aut et nihil aliquam. Pariatur vel ipsa molestias est odit eos. Non rerum eos qui aut sed tenetur.\n\nOdio animi in qui quis. Qui non a ut. Ut possimus doloremque suscipit ad rerum quod. Alias dicta rerum error sit modi vitae temporibus.\n\nSoluta sint amet et expedita et. Impedit omnis provident est excepturi dolore numquam. Nesciunt illum ad quas numquam eligendi.\n\nDicta libero aperiam nisi ut qui unde cum. Dolor qui eos qui ex minima minus. Necessitatibus est dolores consectetur ut et.\n\nExercitationem ipsam optio eligendi sunt omnis est similique. Blanditiis aut ad numquam. Voluptates eaque qui et et blanditiis.', 1, '2026-03-10 09:58:06', '2026-03-10 09:58:06'),
(6, 'Rob823', 'Fundamentals of Robot Programming', 'covers/voluptate-eum-aliquid.jpg', 'Nisi est velit sit harum reprehenderit. Saepe quo necessitatibus eum sint blanditiis quam placeat non. Molestias quas incidunt exercitationem qui qui repellendus aut error. Assumenda iure corrupti doloribus.\n\nTenetur perferendis debitis similique. Exercitationem ut voluptas totam ut voluptatem suscipit. Dolorem esse vel qui.\n\nDoloremque et dolores nesciunt aut sit consequatur ab. Veniam ea aut qui et non voluptatem quidem. Veniam ut officia et placeat sint atque. Non ut aut voluptatem sint aliquam.\n\nQui totam sint non et id et accusamus. Voluptas sed esse a nihil voluptatem ea. Dignissimos exercitationem nam quasi eius.\n\nOdio debitis fuga qui inventore omnis reprehenderit quia. Sequi nostrum porro est et excepturi. Vitae qui est voluptatem facere facilis asperiores.', 2, '2026-03-10 09:58:06', '2026-03-10 09:58:06'),
(7, 'Rob948', 'Applied Embedded Systems', 'covers/magnam-labore-tempore-est.jpg', 'Deleniti dolores unde inventore aut nihil doloremque quis. Tempore ut assumenda magni voluptatibus. Impedit iure odio quia culpa dolores. Sit praesentium maiores nam rerum ducimus.\n\nAliquam nostrum alias quibusdam molestiae iure corrupti. Nulla neque illum suscipit quae optio. Vitae quidem dolor illum ex facilis neque.\n\nEt vel repudiandae nesciunt sunt quasi et ut. Ab quisquam dolores culpa. Accusamus quibusdam consequatur praesentium reiciendis nulla omnis.\n\nDoloribus doloribus earum est sed. Aspernatur suscipit ea qui nam repudiandae. Expedita aliquid alias sapiente eos reprehenderit quaerat quia. Quia ea eos sunt et perspiciatis.\n\nEaque expedita totam autem nulla praesentium optio. Velit omnis quas est illum architecto rerum veniam. Expedita molestiae dolor aspernatur voluptatibus sint earum harum. Ipsa reprehenderit architecto sapiente sit. Sit blanditiis nobis est esse aut aut.', 2, '2026-03-10 09:58:06', '2026-03-10 09:58:06'),
(8, 'Rob861', 'Workshop: Robot Programming', 'covers/dolorem-veritatis-non.jpg', 'Et illum dolores distinctio placeat. Voluptas enim nihil provident fuga. Qui earum dolorem qui sed adipisci eaque vel.\n\nSed vitae doloribus consequuntur. Iusto nulla commodi quos. Voluptatem rerum magnam qui et.\n\nRem necessitatibus vero fuga deleniti. Cupiditate aperiam eos alias qui beatae rerum. Labore consequatur quia quia.\n\nEt ut perferendis non et delectus et amet. Eos quo dignissimos esse laborum occaecati eveniet laudantium. Maxime nobis voluptas ea possimus totam iusto quo. Soluta earum rerum cumque dolorem reprehenderit sint totam.\n\nDolorem iure soluta ut nihil. Delectus aut similique blanditiis animi enim. Rerum a dolore eos praesentium consequuntur omnis fuga.', 2, '2026-03-10 09:58:06', '2026-03-10 09:58:06'),
(9, 'Rob472', 'Advanced Robot Programming', 'covers/sit-est-optio-illum.jpg', 'Esse autem qui ex facilis. Blanditiis debitis deleniti reprehenderit harum.\n\nQuaerat soluta reiciendis atque doloremque ex. Et perspiciatis ratione velit exercitationem ut et. Delectus mollitia expedita enim ut.\n\nMolestiae ut et at delectus. Aut deserunt aut omnis veritatis non quo ab. Maxime asperiores et est quaerat.\n\nQuia et soluta officiis voluptates quisquam et dolores. Ut ut ut praesentium consequatur. Ut iste quo adipisci quos et illum ut quam. Ipsum quis adipisci voluptatem consectetur cupiditate.\n\nQui aut blanditiis voluptas dolorum ipsa assumenda. Quasi pariatur occaecati magni et. Quis quia praesentium ab deserunt totam.', 3, '2026-03-10 09:58:06', '2026-03-10 09:58:06'),
(10, 'Rob173', 'Principles of Mechatronics', 'covers/id-est-tempora-perferendis.jpg', 'Quia odit laborum officia dolorem et aliquam eos. Odio enim beatae reprehenderit sint quo saepe quam. Quis recusandae culpa culpa sit libero explicabo.\n\nQui magni nobis praesentium deleniti id. Est dolore quia sint aut rem aut. Nostrum impedit aut est ipsam.\n\nInventore voluptas et assumenda illum eligendi. Quia dignissimos iusto mollitia nam quo. Unde est quaerat aut quam dolore.\n\nNemo porro quis saepe. Explicabo error voluptatibus repellendus minus consequatur labore. Et placeat necessitatibus esse rerum consequatur velit similique numquam. Sint repellat qui in quas aspernatur laborum pariatur.\n\nDistinctio id odio et pariatur. Itaque quis fugit atque totam. Laudantium rerum laudantium vitae earum et.', 2, '2026-03-10 09:58:06', '2026-03-10 09:58:06'),
(11, 'Rob627', 'Applied Mechatronics', 'covers/veniam-debitis-tempore-ut.jpg', 'Inventore odit sit soluta labore omnis nobis harum. Iste porro expedita natus sunt quo voluptas dolorem perferendis. Labore pariatur rerum pariatur voluptatem blanditiis ad. Iusto nulla alias non quam omnis.\n\nDicta ut in ullam veniam iusto magnam nesciunt aut. Reprehenderit alias aut dolorem omnis sed magnam. Ut minima et aut aut laboriosam ut repellendus.\n\nRepellendus aliquam omnis voluptatem perspiciatis soluta in et. Dolores incidunt id et exercitationem dolorem voluptatibus.\n\nQuae ut quas officiis voluptatum. Odio quia libero aperiam temporibus qui. Aliquam sequi exercitationem nam cupiditate omnis.\n\nUt esse voluptatem in consequatur. Reprehenderit dolore quisquam excepturi similique dolorum. Rerum fuga deserunt rem.', 3, '2026-03-10 09:58:06', '2026-03-10 09:58:06'),
(12, 'Rob874', 'Special Topics in ROS (Robot OS)', 'covers/libero-cum-ut.jpg', 'Aut alias fugit autem at delectus quis. Quam quod sequi cumque est. Maxime voluptatibus qui soluta et dolores fuga officia incidunt. Sapiente reprehenderit dolor voluptatum itaque.\n\nEt modi asperiores voluptas iusto. Cumque sed fugiat accusamus eum velit et. Perferendis quibusdam sapiente earum esse tempora explicabo. Mollitia culpa quaerat totam ducimus temporibus molestias quia.\n\nAccusamus rerum debitis aliquid unde. Doloremque quam id eaque esse. Aspernatur accusantium dolore qui adipisci aut maiores aspernatur aliquam. Sit voluptas deserunt perspiciatis et.\n\nOmnis iste sed ab quia dignissimos maxime illo. Et nihil harum sit. Sed iste qui aut nesciunt veniam.\n\nAutem excepturi porro quis non in voluptate error est. Nisi nesciunt optio perferendis consequatur mollitia voluptates quos eum. Dolorem ducimus consequatur voluptate voluptas quia itaque. Fugiat omnis tenetur sint aliquid nihil itaque.', 1, '2026-03-10 09:58:06', '2026-03-10 09:58:06'),
(13, 'Rob665', 'Fundamentals of 3D Printing for Robotics', 'covers/ea-similique-et.jpg', 'Quia dicta explicabo ea odit est ad officiis. Reiciendis aliquam voluptatem accusantium aliquam aperiam et officiis maiores. Illum et qui ipsam soluta est sequi. Cupiditate iste vel fugit molestiae itaque culpa quia.\n\nNihil quidem saepe in perspiciatis voluptate. Unde est quis vel qui quos esse adipisci modi. Dolores temporibus deleniti odit illo hic. Nostrum enim quos voluptates veniam sequi exercitationem.\n\nDolores voluptas ut dolore aut delectus eos officia. Voluptatem quasi qui quia quos non doloremque quia. Voluptatem nihil molestias quod est eos voluptate.\n\nQuis cum sunt id. Nesciunt dicta fuga voluptates voluptatem. Dolor eum natus et nostrum repellendus. Dolorem aliquam velit eligendi necessitatibus.\n\nMolestiae in facilis ipsam quia est. Facere iusto ut dolores. Est alias sint provident.', 1, '2026-03-10 09:58:06', '2026-03-10 09:58:06'),
(14, 'Rob288', 'Advanced Automation', 'covers/perferendis-id-sequi.jpg', 'Excepturi facere qui quis laudantium sit neque. Dolor omnis nesciunt quia animi nisi voluptatem consectetur. Et cupiditate modi numquam at consequatur et iste. Occaecati culpa beatae et vel occaecati.\n\nQuas quia tempore fugiat rem a dignissimos optio. Ad asperiores autem et beatae illo ut. Alias alias ut earum nulla excepturi dolor dolore. Dolor officia quod velit.\n\nNemo et aliquam harum reprehenderit ipsam ab totam. Sint maxime praesentium voluptatum autem. Numquam vitae itaque nihil quia error et.\n\nEst temporibus fugiat a culpa cum. Corrupti qui ad numquam sed voluptatem magnam quam. Doloremque molestias ipsa dolorem voluptatum aut libero. Aliquam rem et atque tempore.\n\nUt error hic vel molestias est et. Delectus omnis aut rerum est. Et saepe sit facilis officiis.', 1, '2026-03-10 09:58:06', '2026-03-10 09:58:06'),
(15, 'Rob856', 'Advanced Arduino Programming', 'covers/perferendis-ex-placeat.jpg', 'Quibusdam ut distinctio molestiae incidunt ducimus voluptatem aut. Quo fugiat animi voluptate et veritatis dolorem. Ut nostrum voluptatum quis.\n\nMinima eum iure eos fugiat sunt possimus non. Et sunt alias rerum sed deserunt omnis fugit.\n\nEt nesciunt error soluta enim beatae quae. Dolore enim eos dolores voluptas eos eius. Tempora qui distinctio sapiente.\n\nRepellendus placeat libero commodi aut pariatur voluptate. Optio doloribus praesentium et sed sed excepturi. Ea dolorem sit nemo aut aut in itaque. Adipisci officia officia enim fugiat iusto quidem.\n\nIn cumque magni voluptatem sed facilis. Sint illo nemo sapiente laboriosam. Autem sint ut ea minus velit nam.', 3, '2026-03-10 09:58:06', '2026-03-10 09:58:06'),
(16, 'Rob379', 'Principles of Arduino Programming', 'covers/molestiae-tenetur-soluta-amet-et.jpg', 'Necessitatibus excepturi velit expedita dolorem autem distinctio ullam. Possimus qui reiciendis est. Ut provident doloribus quas repellendus. Eveniet eaque saepe nihil corporis vel.\n\nTempore occaecati rerum qui. Est dolores voluptatum suscipit consequatur ut deleniti repellendus. Magni quo labore quas vel.\n\nEaque nemo eos voluptatibus laudantium. Harum facilis doloribus adipisci repellendus quis minus. In nostrum minus dolorem autem quas accusamus quod.\n\nError ab corrupti nam quidem magni nihil itaque. Tempore eum est quo molestiae modi ut similique.\n\nQuibusdam ut quis nihil. Quia voluptatem sed ut nemo. Modi est cum voluptatem ab consequatur ad fugiat alias. Ipsum dolor quis velit et et dolorem est voluptas.', 3, '2026-03-10 09:58:06', '2026-03-10 09:58:06'),
(17, 'Rob714', 'Workshop: Arduino Programming', 'covers/et-adipisci-ullam.jpg', 'Autem accusantium quo quibusdam sint inventore. In tenetur voluptas vel exercitationem. Adipisci odio quasi fugiat quaerat beatae ut eos. Beatae eveniet qui molestiae aspernatur voluptatem.\n\nAspernatur non vitae itaque ea. Fugit eum libero aut. Odit deleniti nam sed non iste consectetur dolore. Sunt illo provident in sequi.\n\nCorporis error repudiandae in dolore aut. Qui cum quod velit culpa alias ipsa ut. Quibusdam nostrum rem quo iure saepe sunt incidunt. Est cupiditate culpa nemo autem.\n\nConsequatur itaque amet molestiae quos consequatur quaerat sint. Vero sint et ullam voluptatem. Facere ipsum eos dolor expedita ut. Quia praesentium harum odio impedit. Amet autem asperiores libero reiciendis est odit nobis est.\n\nPariatur dolorem quia commodi. Ut est et quibusdam magnam doloribus expedita. Provident ea maxime optio veritatis tempore excepturi et.', 2, '2026-03-10 09:58:06', '2026-03-10 09:58:06'),
(18, 'Rob396', 'Principles of 3D Printing for Robotics', 'covers/accusantium-perspiciatis-aliquid-nihil.jpg', 'Debitis consectetur sunt et incidunt est animi magni. Velit reprehenderit quam cumque delectus veniam. Alias reiciendis sequi amet amet et eveniet.\n\nLaudantium quidem autem quis sunt nesciunt qui. Aperiam sequi enim molestiae sit aliquid dolores. Esse saepe laborum error et illum.\n\nEnim ut aut excepturi quae. Impedit ut iusto aliquid dolorem. Nam nostrum praesentium unde illo maxime. Est quidem sit facere quasi expedita.\n\nOfficia qui ut assumenda et quia et cupiditate fuga. Voluptate ducimus cupiditate vel at ullam. Non non et sunt possimus consequatur sint assumenda voluptas.\n\nDeserunt qui dolor non fugiat. Voluptate accusamus dolores suscipit assumenda optio dolores. Officia fugiat est iusto.', 1, '2026-03-10 09:58:06', '2026-03-10 09:58:06'),
(19, 'Rob895', 'Fundamentals of Computer Vision', 'covers/deserunt-error-rem-amet.jpg', 'Error quis modi adipisci quae. Minima minus impedit eum veniam quas voluptatem quasi. Eos officiis repudiandae et sit. Perspiciatis iure velit culpa magnam pariatur unde doloribus pariatur.\n\nSaepe ut quidem veritatis iure maxime. Molestiae est doloremque reiciendis doloribus quis esse. Eum qui rem ut ducimus.\n\nId vel est et. In laboriosam perferendis est rerum rerum. Eum aut qui quas et repellendus aut cupiditate quo.\n\nBlanditiis numquam blanditiis autem expedita. Illo odio et sed voluptatem. Rerum ea omnis id consequatur libero. Voluptate fuga odit ut nobis.\n\nModi laudantium recusandae minima exercitationem. Quibusdam odit incidunt qui autem ex sunt modi. Consectetur laudantium aut sed et eligendi.', 1, '2026-03-10 09:58:06', '2026-03-10 09:58:06'),
(20, 'Rob470', 'Introduction to 3D Printing for Robotics', 'covers/aut-officiis-totam.jpg', 'Autem porro voluptate aut ut in quasi. Tempora facilis explicabo aut perspiciatis. Culpa nobis commodi dolore aliquam.\n\nCommodi quia sunt numquam qui neque veritatis. Id assumenda possimus aut facilis velit.\n\nAutem aut et magni repudiandae alias. Perferendis dolorum iusto vitae. Aut rerum qui consequatur et eos vitae.\n\nAutem aut et voluptatem accusamus. Quod et est a dicta.\n\nMagni assumenda nesciunt quam consectetur id. Et iste similique quia eaque voluptatem et recusandae ea. Odio illum neque magnam ea. Ipsum in vel est pariatur. Libero doloremque aut ratione hic.', 3, '2026-03-10 09:58:06', '2026-03-10 09:58:06'),
(21, 'Rob563', 'Special Topics in Robotics', 'covers/quis-quae-in-animi.jpg', 'Culpa voluptas consequuntur quo. Sequi ut cumque dicta ut corrupti quos harum. Et voluptas officia fugit est soluta cupiditate quasi velit.\n\nAmet nostrum dolore quo enim. Qui veniam non est omnis molestiae. Et aut dolorem commodi minima consequatur sequi. Fugit magni vel est nostrum dolore.\n\nBeatae sunt quae blanditiis ducimus suscipit culpa. Molestias tenetur non omnis doloremque neque beatae.\n\nExplicabo omnis nesciunt et maiores. Et earum neque cum porro ut voluptas. Dolorem aliquam aut est aliquid illo vero dolores velit.\n\nIn nam id maxime tempore inventore. Amet odit ut omnis quasi minima ipsa aperiam. Id voluptatem omnis id qui. Asperiores culpa at enim recusandae ut ratione minima.', 1, '2026-03-10 09:58:06', '2026-03-10 09:58:06'),
(22, 'Rob155', 'Fundamentals of Arduino Programming', 'covers/facilis-aut-nulla-illo-ut.jpg', 'Nesciunt debitis id officia nostrum magni. Deleniti et enim molestiae delectus suscipit dolores soluta.\n\nRecusandae optio accusantium accusantium porro. Quaerat voluptatum qui sequi eligendi. Ad sunt eum illo unde doloribus maiores ex. Eos voluptatum atque tempora dolores consectetur. Molestiae iusto earum saepe praesentium quia et quisquam eligendi.\n\nNatus consequatur quia aut. Consequatur ut ea id commodi. Dolores sequi odio ducimus ea ut dolor. Tempora cupiditate saepe expedita sequi nihil nihil.\n\nAnimi atque iusto laudantium unde vitae ad. Consequatur aut cupiditate sunt laborum iusto mollitia. Reprehenderit quo iusto quis.\n\nDistinctio mollitia et ipsum quis. Eligendi reprehenderit pariatur qui molestiae sequi unde. Praesentium sit sunt aut. Qui nemo alias aut quasi.', 2, '2026-03-10 09:58:06', '2026-03-10 09:58:06'),
(23, 'Rob679', 'Advanced Robotics', 'covers/nisi-voluptatem-exercitationem.jpg', 'Sint adipisci aut et deserunt. Adipisci et voluptatem minima quaerat rerum. Consequuntur voluptate voluptas rerum facere tempore. Nulla recusandae pariatur deleniti dolor accusantium rerum consequatur mollitia.\n\nMaiores sit et iste sunt vitae aut. Quia porro non molestiae recusandae. Corrupti facilis quia unde minus maxime. Et nostrum at quos illum iusto.\n\nUnde ad ipsam vel. Ipsam consectetur qui totam. Provident aspernatur magnam ut dolorum id blanditiis voluptatum. Veniam suscipit sint exercitationem.\n\nQuod ratione quia accusamus non tempore eum nemo. Voluptate non natus quia iusto. Sit quasi qui dolorem et quod non. Fugiat officia exercitationem facere voluptas rerum optio.\n\nQui velit ab harum debitis voluptas molestias soluta ea. At repellendus molestias eligendi sunt aspernatur dolorem unde. Amet pariatur mollitia ipsa quaerat voluptatem. In accusamus doloribus totam.', 1, '2026-03-10 09:58:06', '2026-03-10 09:58:06'),
(24, 'Rob494', 'Introduction to Sensors and Actuators', 'covers/dolores-nemo-eligendi-blanditiis.jpg', 'Nam voluptatem ipsam dolor consequatur quas beatae expedita. Voluptas non ea consectetur est nobis atque. Aut voluptas incidunt repellendus quis at. Est velit totam blanditiis voluptatem commodi et. Quos enim quisquam doloribus ducimus maxime dolorem.\n\nUt delectus officiis et dicta et quia. Repudiandae pariatur praesentium dignissimos est quae voluptatibus incidunt excepturi. Optio qui et qui doloremque dolores deleniti maxime autem. Nobis soluta et maxime ullam eum.\n\nSoluta consequatur ut placeat magnam illum necessitatibus. Iure molestiae sunt nobis neque et laborum voluptas deserunt. Asperiores excepturi nulla et. Deserunt sequi rem dolor beatae in.\n\nNisi ipsam ipsum veritatis id. Optio sunt non perspiciatis rem pariatur ex. Doloremque qui exercitationem fugiat aut cum nemo. Dolor sint qui architecto repellat.\n\nEa ut placeat qui perferendis eveniet consequatur beatae. Eius reiciendis est repellat sequi eaque distinctio et. Adipisci culpa est veritatis praesentium magni. Nulla modi dolore ut dolor dignissimos.', 2, '2026-03-10 09:58:06', '2026-03-10 09:58:06'),
(25, 'Rob526', 'Fundamentals of Robotics', 'covers/fuga-aut-quis-est-odio.jpg', 'Deserunt eius soluta tempora. Omnis tempora unde sit perspiciatis velit est. Quo ratione facilis ut tempore aut et eaque. Est molestiae consequatur vel est rerum sed.\n\nOccaecati quis expedita blanditiis nihil suscipit iusto. Unde aut voluptas et explicabo. Ut sequi beatae et officiis.\n\nNeque maxime quia placeat consequatur voluptatem numquam. Voluptates voluptatem occaecati voluptatum quaerat dolor impedit ratione. Reiciendis repellat voluptatem quam minima inventore. Atque eaque maiores eum.\n\nMagni et adipisci commodi ducimus architecto sint quidem cupiditate. Amet consequuntur sed aliquid eligendi est sint ut laborum.\n\nNihil consequuntur velit cupiditate ipsum ducimus vero provident. Labore non inventore aliquam qui impedit qui molestiae. Corrupti recusandae earum blanditiis nulla.', 2, '2026-03-10 09:58:06', '2026-03-10 09:58:06'),
(26, 'Rob415', 'Workshop: Industrial Automation', 'covers/eligendi-numquam-corrupti.jpg', 'Corrupti eveniet expedita eaque in officia id. Quam blanditiis eaque quia veritatis nihil. Aspernatur qui nihil maxime.\n\nTemporibus aut et officia sed. Consequuntur hic voluptas quaerat sed. Eum iste laboriosam corrupti.\n\nNon quia non commodi. Ut officia consequatur cum possimus. Dolorum facere non exercitationem animi quia magni. Quis voluptatibus at et qui rerum commodi harum.\n\nVoluptatibus vero sit aut est sequi ratione. Esse rerum consequatur delectus a omnis debitis nisi. Sint eos voluptatibus eos ipsa aut.\n\nSed aut nihil vel rem provident vitae repellat. Et officia itaque repellendus similique assumenda et deserunt est. Incidunt nulla aut hic est. Aut et sint sint suscipit sequi quos non.', 2, '2026-03-10 09:58:06', '2026-03-10 09:58:06'),
(27, 'Rob908', 'Principles of Robot Programming', 'covers/dolorem-est.jpg', 'Libero enim sit et in modi. Ducimus alias optio officiis dolorum atque eius. Est ducimus rerum et illo qui. Praesentium consequatur ipsam est illum dolore voluptatibus eligendi a.\n\nVoluptatem commodi laudantium cum. Alias hic cum vel et officia non repellendus possimus. Eius ratione aut dolorem praesentium harum nihil.\n\nAsperiores non perspiciatis et aut nesciunt tenetur. Sed rerum maxime nihil blanditiis. Rem sunt possimus iste quia impedit ut cumque.\n\nIn molestiae et corporis similique nulla nobis. Neque vel et nulla incidunt rerum non. Itaque consectetur dignissimos et quam consequatur nemo.\n\nQuasi recusandae quaerat blanditiis dolor beatae molestiae. Quos ullam ab dolor. Animi nihil aspernatur et sequi.', 1, '2026-03-10 09:58:06', '2026-03-10 09:58:06'),
(28, 'Rob536', 'Principles of Robotics', 'covers/qui-corporis-molestiae-fuga.jpg', 'Ut quis officiis doloremque officiis. Eius minima assumenda qui ut.\n\nEa et at est ut est vel dolor. Impedit id sequi ab fugit praesentium animi blanditiis. Et beatae velit velit esse consequuntur optio ducimus suscipit.\n\nNam at id quidem et libero animi. Ab doloribus quia veniam nisi quo ullam. Saepe voluptatem sed voluptatem error.\n\nDoloremque asperiores explicabo ut et quia quos. Corrupti omnis aperiam voluptates deserunt.\n\nTempore magni dolores quibusdam eos. Neque reiciendis qui mollitia qui quod mollitia. Nostrum quidem ad labore iste numquam et ex.', 2, '2026-03-10 09:58:06', '2026-03-10 09:58:06'),
(29, 'Rob985', 'Special Topics in Mechatronics', 'covers/et-sed-eligendi-laboriosam.jpg', 'Voluptates totam explicabo nostrum. Ipsam quasi omnis autem id animi et deleniti. Ea voluptatem omnis ratione.\n\nQuidem architecto distinctio sunt voluptatum. Minus voluptas veritatis iusto voluptas quia aut cumque. Possimus dolor iste aliquid occaecati.\n\nVoluptates non ut odio consequatur voluptatum ut. Unde ipsa consequatur assumenda non. Hic nihil sit nihil itaque libero ut. Dolorem saepe qui sequi dolor laborum voluptas adipisci.\n\nBeatae at quidem explicabo dolorum. Mollitia asperiores quam qui perspiciatis sed qui pariatur odio. Vel quod ea commodi asperiores voluptatum.\n\nEt in ut repudiandae eveniet aliquid eius quaerat recusandae. Eveniet dolorem sit voluptatem id aspernatur quis.', 2, '2026-03-10 09:58:06', '2026-03-10 09:58:06'),
(30, 'Rob810', 'Principles of Control Systems', 'covers/deleniti-et-laboriosam-aut-at.jpg', 'Expedita porro omnis cumque ut qui esse doloribus illum. Explicabo non dolores dolorum voluptas. Corrupti eum commodi sit. Eligendi quos natus sunt suscipit velit.\n\nUt blanditiis et expedita quaerat eos. Non et ut dolore quaerat dolor facere. Sed unde aliquid eaque fugit. Qui beatae quam animi perspiciatis quia eligendi veniam quas.\n\nQuia in error voluptas ea nobis quibusdam aut. Fuga sit quasi animi qui. Necessitatibus est molestiae recusandae qui. Aut earum necessitatibus quibusdam ipsam excepturi id unde.\n\nExpedita ad error vitae tempora. Voluptatem quas voluptatibus dolores.\n\nEt ut dolore ut facere porro ducimus aut. Error nam voluptates voluptates ut illum. Sit adipisci molestiae et qui sunt maxime accusamus. Praesentium tempore quo delectus fuga. Ex sed praesentium laborum voluptas nihil dignissimos.', 3, '2026-03-10 09:58:06', '2026-03-10 09:58:06'),
(31, 'Rob507', 'Workshop: Embedded Systems', 'covers/quia-veniam-dolores.jpg', 'Sint maiores accusamus consequatur repellendus libero. Occaecati qui qui velit. Earum odit rerum et repudiandae nobis provident.\n\nEst inventore iure perspiciatis debitis molestiae iusto ut. Maiores minus neque cumque ex perspiciatis provident corporis. Suscipit accusantium hic facere necessitatibus asperiores.\n\nOmnis et asperiores excepturi sit sunt ducimus. Fuga magnam commodi ut soluta architecto voluptatum.\n\nEst et culpa iste velit suscipit quo sequi. Et voluptatem doloribus id aut tempora quisquam nesciunt. Ex quidem placeat voluptatem nobis dolore voluptas repellat.\n\nQuisquam cupiditate amet quidem et qui accusamus. Aut dolorum quod labore qui.', 1, '2026-03-10 09:58:06', '2026-03-10 09:58:06'),
(32, 'Rob284', 'Applied Industrial Automation', 'covers/sunt-ducimus-voluptatem-sit.jpg', 'Tenetur saepe corrupti et ratione voluptas at non modi. Quidem molestias qui id architecto quidem quia sed. Odit tenetur voluptas ex ipsum id animi harum mollitia.\n\nVero perferendis perferendis ipsam at et inventore et. Qui adipisci quibusdam sint dignissimos temporibus. Et itaque qui consequuntur quibusdam molestiae. Quo deleniti esse aut atque.\n\nVoluptatum eveniet doloremque aut consequatur velit. Autem odio id earum. Molestias consectetur nihil voluptatem cupiditate voluptas maxime iste.\n\nQui sit exercitationem atque aut adipisci sit. Consequatur voluptatem quis itaque ut autem libero.\n\nQuia nobis ducimus sed officiis. Est a voluptatibus quam deserunt quia perferendis neque. Officiis et mollitia quod perspiciatis incidunt.', 3, '2026-03-10 09:58:06', '2026-03-10 09:58:06'),
(33, 'Rob419', 'Special Topics in Arduino Programming', 'covers/eveniet-aut-qui.jpg', 'Eum aut eaque sequi suscipit quidem. Fugiat neque laudantium dolorem possimus laboriosam. Ut dolores architecto maxime sit voluptatem est voluptas.\n\nNisi id laborum dicta ipsum non. Officia aut sequi optio asperiores. Dignissimos qui aut cumque libero numquam ab ratione.\n\nEt quo hic culpa ut. Pariatur illum saepe qui ex voluptas. Consequatur amet quasi id modi. Non culpa necessitatibus aperiam est omnis.\n\nItaque eveniet ipsam officiis quas quae ratione. Ipsa modi accusamus architecto laborum. Iure explicabo labore nihil saepe fugit consequuntur.\n\nAliquam et voluptatem consequatur sunt. In qui quo quos sunt. Ut necessitatibus cupiditate laborum neque porro dolorem.', 1, '2026-03-10 09:58:06', '2026-03-10 09:58:06'),
(34, 'Rob275', 'Fundamentals of Robot Kinematics', 'covers/dolorem-est-velit-rerum.jpg', 'Ratione voluptas esse quia qui. Illo sed repellat maiores officia reprehenderit eius. Eum iusto voluptas quibusdam sunt corporis sit.\n\nOptio accusantium sapiente est vel exercitationem asperiores. Numquam rerum qui quaerat et labore animi possimus. Qui exercitationem reprehenderit voluptas ducimus. Accusantium impedit et numquam eius autem.\n\nQuis sint officiis neque porro suscipit ut. Praesentium nihil pariatur quo iste dignissimos sint non. Adipisci aperiam id cupiditate repudiandae laudantium voluptates. Tenetur veritatis velit eos blanditiis voluptas culpa dolorum.\n\nUt odio suscipit nemo sed dolorum. Est reprehenderit autem est qui placeat a. Soluta voluptatem hic vero non voluptatem autem. Vero accusamus non nam ullam vel enim vero.\n\nUt tempora provident dolores ad et. Sed nisi quod hic eum dignissimos. Ut tempora aliquam repudiandae dolorum est quos. In aliquid dolorum quos repudiandae sed quaerat.', 1, '2026-03-10 09:58:06', '2026-03-10 09:58:06'),
(35, 'Rob174', 'Introduction to ROS (Robot OS)', 'covers/eos-quas-aspernatur-expedita.jpg', 'Quisquam veniam aliquam adipisci. Expedita aut est aut ratione alias voluptas ut. Saepe non voluptatem exercitationem debitis rerum sapiente.\n\nEsse omnis quas et qui similique quibusdam. Et voluptatum saepe sint iste et iste eum. Tempore fugiat sunt nam excepturi dolores aliquid fugit. Asperiores similique in unde sunt.\n\nDignissimos cupiditate reiciendis autem voluptatem cum voluptatem facilis. Dolores tenetur ab eos eveniet maxime quod est. Assumenda id eum voluptas aperiam possimus nemo ab.\n\nVeniam illo molestiae asperiores fuga. Quo tenetur numquam consequuntur illum. Occaecati minus architecto eum explicabo. Occaecati molestiae magni sunt impedit. Quas facere nemo praesentium numquam.\n\nVitae natus quia et laborum harum amet assumenda non. In exercitationem molestias explicabo recusandae nihil aut. Consequatur accusantium et est sed veritatis quia delectus iste.', 1, '2026-03-10 09:58:06', '2026-03-10 09:58:06'),
(36, 'Rob614', 'Workshop: Automation', 'covers/assumenda-sed-libero-ea-culpa.jpg', 'Fuga et nihil aliquam ut ad laboriosam. Numquam sunt in laudantium suscipit. Natus accusamus quibusdam quas dolor quis qui.\n\nIpsam aspernatur alias fugiat quisquam labore doloremque aut. Et est et illo atque voluptatum architecto impedit nam. Voluptatem iusto fugit molestiae ut repellat culpa et. Assumenda voluptatem facere sed hic error quas modi.\n\nSit libero dolores qui laudantium ipsum corrupti laborum. Eaque et non blanditiis ut. Minus vitae iusto eligendi cupiditate sequi et.\n\nLibero ex laborum ab id illo et. Quis veniam expedita dicta dolore. Ipsa nobis placeat assumenda laboriosam. Ut optio perspiciatis rerum velit ad omnis architecto.\n\nExpedita vero excepturi ea. Suscipit consectetur et tenetur quia sit. Dolore est et consequatur quidem possimus et eum.', 3, '2026-03-10 09:58:06', '2026-03-10 09:58:06'),
(37, 'Rob556', 'Introduction to Computer Vision', 'covers/voluptates-aut-nulla-sed.jpg', 'Aliquid consequatur aliquid quo excepturi quia et. Assumenda quidem autem quaerat ut quasi eum. Et delectus et nihil fuga omnis incidunt. Tempora libero enim est aut atque perspiciatis quia.\n\nAut ea et voluptatem quo earum qui. Non accusamus ut voluptatum dignissimos est nemo quasi quo. Qui non et natus. Debitis molestiae omnis omnis sint molestiae ut.\n\nEt excepturi quis id. Aliquam et sit laborum aut ducimus. Enim ipsum dolor itaque iusto consequatur quod.\n\nEst cumque necessitatibus quis aliquam officiis eum. Quas doloremque quo pariatur nesciunt. Nulla asperiores beatae tenetur. Provident ducimus quas sunt deleniti ex.\n\nVoluptatem rem nihil excepturi quisquam. Suscipit voluptatem saepe recusandae repellat alias vero ipsam. Voluptatem adipisci autem vel sed ea velit doloribus laboriosam.', 3, '2026-03-10 09:58:06', '2026-03-10 09:58:06'),
(38, 'Rob795', 'Special Topics in Embedded Systems', 'covers/sit-nesciunt-reiciendis-perspiciatis.jpg', 'Ea aut mollitia et dolore consequatur. Est ducimus similique iusto veritatis itaque quia. Molestias ipsam aperiam facere nulla ullam nesciunt rerum. Quia est aut repellendus fuga at architecto dolor.\n\nEx sunt praesentium eaque illo inventore necessitatibus. Facilis dolores magni expedita aut. Unde impedit animi voluptatem sed enim quo. Ipsam aut nesciunt quidem ducimus molestias. Commodi et dolores ratione et et qui molestiae.\n\nEt qui quo autem eum veniam. Similique blanditiis consequatur non. Et autem aliquid in suscipit occaecati eveniet est.\n\nImpedit excepturi sapiente et voluptas nihil cupiditate cumque. Non qui qui optio ut qui necessitatibus amet laboriosam. Aliquid excepturi sed officia commodi pariatur aliquam aut.\n\nRatione aut explicabo voluptatibus sunt vel. Enim dolores quasi molestiae in perferendis velit.', 1, '2026-03-10 09:58:06', '2026-03-10 09:58:06'),
(39, 'Rob663', 'Advanced Robotics', 'covers/reiciendis-et-voluptatum-voluptatem.jpg', 'Veniam commodi non et dolor in praesentium dolore. Corporis qui cum voluptatem facilis natus ducimus iste. Distinctio aut enim porro consequatur voluptatem. Dolorum qui facere at aut eaque.\n\nPerspiciatis quia rerum ea minima rerum incidunt doloremque. Eligendi inventore dolor quo voluptate. Voluptatem est cumque vel. Facilis occaecati sed explicabo quia omnis.\n\nSit fugiat consequatur asperiores et dolor. Dolore odio maiores commodi. Natus ipsam eaque delectus nam ipsa. Nihil tempore officiis ut qui est voluptatem.\n\nDolor a sapiente voluptatibus qui nisi omnis quibusdam ea. Illum quis pariatur nam aut sequi quis animi. Quasi perspiciatis facilis nostrum sunt culpa ducimus sit ipsum.\n\nDolorem voluptates tempore perferendis saepe non aut. In inventore eligendi pariatur quae dolor consectetur architecto.', 3, '2026-03-10 09:58:06', '2026-03-10 09:58:06'),
(40, 'Rob925', 'Workshop: PLC Programming', 'covers/ad-nam-quia-minus-aut.jpg', 'Deserunt dolorem quibusdam deleniti est quia molestias. Doloremque et quas beatae et. Aut aut et vel ipsum iure. Atque cum reprehenderit in.\n\nNecessitatibus quibusdam molestias officiis. Veniam optio veritatis molestiae commodi. Perferendis dolore amet blanditiis voluptas illum. Rem et minima enim esse dolore. Laborum labore doloremque doloribus omnis unde.\n\nIn quam et blanditiis ab. Voluptatum voluptatibus nostrum exercitationem. Numquam autem suscipit dolores est ut quas est dolor.\n\nTotam asperiores dolorem molestiae aliquid praesentium architecto. Nostrum nam sapiente omnis.\n\nCorrupti non quia incidunt. Ut quo doloribus et ut. Earum doloremque itaque eaque omnis earum minima.', 1, '2026-03-10 09:58:06', '2026-03-10 09:58:06'),
(41, 'Rob833', 'Introduction to Robot Kinematics', 'covers/ad-laudantium-a.jpg', 'Molestiae dignissimos ducimus et beatae. Blanditiis saepe minima dolores est vel cum et molestiae. Reprehenderit vitae repudiandae culpa quia. Perferendis illo recusandae illo quibusdam pariatur doloribus. Exercitationem porro eum ut ad aliquid vel.\n\nEligendi quia voluptatem cumque ea est. Optio assumenda qui eius rerum. Sit necessitatibus impedit doloribus libero et qui. Mollitia est molestias dolor veniam. Deserunt ut libero a esse unde totam sint.\n\nEt aut nemo dolore distinctio ea aliquid et. Non dolorum modi minima qui et. Sit est magni sunt dignissimos est.\n\nEa ab non voluptatum quia sequi. Vel sit porro ullam. Temporibus temporibus id veritatis inventore amet. Officiis consectetur rerum rerum ullam.\n\nVoluptatem sint inventore qui accusantium culpa aut. Et nemo et maxime est porro. Labore laudantium magni sit. Et ut ut assumenda molestiae.', 2, '2026-03-10 09:58:06', '2026-03-10 09:58:06'),
(42, 'Rob824', 'Advanced Artificial Intelligence for Robots', 'covers/itaque-libero-molestiae.jpg', 'Exercitationem similique non vel delectus modi nobis. Nam molestias et est. Aut debitis facere enim quo dignissimos enim.\n\nArchitecto consequuntur beatae enim. Consequuntur soluta consequatur nihil officiis. Non blanditiis et earum itaque deleniti voluptas. Aliquam id esse pariatur deleniti.\n\nExpedita molestiae est nostrum laudantium autem dolorem dicta. Aut ullam in sapiente ullam exercitationem. Suscipit sit sit ullam aut voluptates. Iste rerum vero quo reiciendis sapiente veniam dolores.\n\nBeatae sit in quisquam debitis totam eius molestiae. Consectetur enim ipsa cupiditate magnam. Pariatur facilis id ut eos sit.\n\nLaboriosam debitis ab et porro. Explicabo officiis voluptas molestias adipisci qui quis omnis. Et iusto molestiae quis a. Veniam ut fugit nostrum eius eveniet.', 3, '2026-03-10 09:58:06', '2026-03-10 09:58:06'),
(43, 'Rob473', 'Introduction to Artificial Intelligence for Robots', 'covers/sunt-nulla-voluptatibus-perspiciatis.jpg', 'Necessitatibus vel rerum veritatis sapiente vel facilis ipsam. Autem aut ullam similique neque et libero. Porro et non eaque officia.\n\nDebitis nemo eos adipisci quidem velit voluptas. Laudantium maxime blanditiis et debitis et. Illo ipsam aut assumenda illum ut molestias vero autem. Qui eaque dignissimos eum tenetur ut odit tempora.\n\nExcepturi molestias reiciendis incidunt et voluptates et. Aut quia laudantium totam sit.\n\nQuis vero iure provident aspernatur in ea. Omnis beatae dolor aut facere aspernatur. Modi nulla optio dolorem hic est qui.\n\nEa dolorum est error non quia. Placeat ut ipsum laudantium perferendis quia quo. Neque officiis delectus quam delectus id animi. Quae autem quia rerum eos maiores quae maxime.', 3, '2026-03-10 09:58:06', '2026-03-10 09:58:06'),
(44, 'Rob590', 'Practicum in Robot Kinematics', 'covers/nam-nemo-ipsam-non-est.jpg', 'Sed sit culpa odio veritatis iste. Nemo illo necessitatibus quia quia eos sunt culpa. Impedit aut rem in velit possimus quod ut. Ipsam enim enim quod et voluptatem excepturi quis.\n\nEt magni deserunt voluptas exercitationem repellat dolorem. Corrupti adipisci modi consequatur est cum doloremque nostrum. Ut laudantium est dolorem error. Delectus quis ut animi. Numquam aut nostrum officiis laborum omnis laudantium repellat.\n\nHarum at optio minus impedit dolorum. Saepe dolores accusamus velit dolorem. Molestiae libero amet aut nostrum. Sed rerum ut aut ex.\n\nQuia molestias quia vitae at consectetur. Quos error et placeat. A qui dolores quasi. Consequatur voluptas provident aut ut aut. Sunt exercitationem veritatis similique omnis recusandae sit necessitatibus.\n\nEt porro officia voluptatem saepe ea. Quis aspernatur fuga quos maxime. Eius perferendis non enim fugit autem in aliquam. Placeat id pariatur iusto est magnam at hic.', 3, '2026-03-10 09:58:06', '2026-03-10 09:58:06'),
(45, 'Rob617', 'Applied Artificial Intelligence for Robots', 'covers/odit-nesciunt-quo.jpg', 'Quo animi facere suscipit ducimus neque error eum ducimus. Aut commodi sapiente ab sed sint. Tempore sed nisi mollitia pariatur suscipit vel.\n\nUnde rem repudiandae et impedit rerum voluptatem nihil. Maiores doloribus soluta magni vitae sed tempora soluta. Dolor inventore asperiores ut distinctio sint magnam.\n\nDebitis debitis cupiditate aliquid numquam nobis qui. Quia iste quam exercitationem suscipit suscipit eligendi quia quas. Officia molestias ad perferendis.\n\nAliquam adipisci nam cum dignissimos provident voluptatibus. Voluptates ad autem ratione inventore porro molestiae sapiente. Corrupti expedita quia vel in aperiam et quae. Ipsum enim perspiciatis et. Totam modi labore cupiditate qui sed est.\n\nNon hic facilis non esse velit quia. Est deserunt id recusandae. Laborum tempore sed ut.', 1, '2026-03-10 09:58:06', '2026-03-10 09:58:06'),
(46, 'Rob107', 'Workshop: Automation', 'covers/quibusdam-nam.jpg', 'Voluptatem ut nobis corporis eum architecto voluptatem. Sapiente architecto illo consequuntur blanditiis. Ut aut possimus voluptatem sequi. Aut cum veritatis facilis quod aliquid sequi corrupti.\n\nAspernatur maiores placeat qui ex et. Consequatur nostrum quaerat cupiditate repellendus numquam harum. Tenetur omnis iste magnam est modi non. Optio occaecati dolore dolores.\n\nSit modi culpa possimus modi provident qui alias. Est animi repudiandae eaque nisi veritatis sit.\n\nTempora aut dolor ut ab sed ipsum. Libero sint similique voluptatem dicta itaque deserunt. Et quia non aut voluptatibus eius ducimus. Aut quas ducimus debitis consectetur.\n\nCommodi ut sunt iusto veniam iusto sed. Rerum vel et quo rerum consequuntur et. Non ut omnis sit.', 2, '2026-03-10 09:58:06', '2026-03-10 09:58:06'),
(47, 'Rob583', 'Practicum in Arduino Programming', 'covers/soluta-dicta-quam.jpg', 'Eos molestiae placeat facilis assumenda sunt voluptate qui. Eos incidunt id et ipsam. Distinctio ad vel sunt aut. Ipsam omnis quis ut consequatur et et. Sint veniam aut ratione.\n\nExplicabo distinctio consequatur temporibus rerum non est. Laudantium quia quia rem laudantium. Et voluptatibus in amet. Officiis id itaque ut perspiciatis veritatis et.\n\nCupiditate qui suscipit blanditiis. Quisquam sit omnis est deserunt est eligendi et fuga. Odio natus nam id in accusamus beatae.\n\nEt sit voluptas necessitatibus neque aut. Saepe atque autem exercitationem sunt deleniti fugiat exercitationem. Quisquam laboriosam deleniti consequuntur voluptas nostrum autem aut.\n\nVel et nisi debitis provident et mollitia adipisci. Consequatur impedit unde voluptatem veniam quis commodi et expedita. Laborum sed similique et.', 2, '2026-03-10 09:58:06', '2026-03-10 09:58:06'),
(48, 'Rob393', 'Practicum in Sensors and Actuators', 'covers/voluptas-aliquid-libero-soluta-optio.jpg', 'Id porro excepturi omnis labore. Ea debitis corrupti enim temporibus. Vero nam nihil blanditiis voluptate voluptatem recusandae. Est eveniet ipsam repellendus dolores ipsam ex qui.\n\nVoluptatem autem eaque ipsam ab ex sed sit. Totam qui et quam. Aut dolor incidunt vel qui. Reprehenderit aperiam possimus autem dolores aut. Accusamus molestiae veritatis consectetur quasi.\n\nEaque sit nisi hic nihil impedit. Itaque rem atque amet veniam. Error deserunt praesentium laborum recusandae mollitia illum.\n\nEst suscipit tenetur sit est sed voluptas a optio. Sit aspernatur laboriosam temporibus rem minima facere.\n\nSapiente animi sunt et dolorem sed. Voluptas et qui autem. Sit nam deleniti aut suscipit molestias tenetur non.', 3, '2026-03-10 09:58:06', '2026-03-10 09:58:06'),
(49, 'Rob958', 'Introduction to Embedded Systems', 'covers/officiis-dicta-omnis-repudiandae.jpg', 'Odit nostrum itaque et excepturi ullam quaerat repellendus quas. Neque maiores blanditiis sapiente voluptatum. Fugiat quia ullam inventore culpa voluptatem facilis. Eligendi et explicabo quam tempora nesciunt saepe fugit. Natus illo voluptatem non sunt rerum.\n\nTotam voluptatem sed in ea. Natus aliquam et reprehenderit tempore corrupti. Atque aut consequuntur aperiam ab. At recusandae consequatur ut ipsum ipsa ut non velit.\n\nSapiente quis atque voluptas aut hic nihil vitae eos. Qui non sint consequuntur consequatur. Saepe et esse consequatur fugit quasi. Quo nulla sed tempora non dicta quam recusandae. Quos inventore nostrum quae adipisci blanditiis incidunt.\n\nNumquam optio dolore a molestias non. Numquam dignissimos itaque ratione vel est maiores. Nihil atque iste aut necessitatibus eos. Qui tempora odit perferendis saepe vel sint. Est amet fugiat maxime voluptatum nam similique.\n\nSapiente ea culpa numquam nihil doloribus et at magni. Suscipit ipsam explicabo cupiditate porro itaque eum aut. Ad tempore quaerat dolor quibusdam. Nisi nihil labore ut quaerat dolor beatae sed.', 2, '2026-03-10 09:58:06', '2026-03-10 09:58:06'),
(50, 'Rob656', 'Fundamentals of Mechatronics', 'covers/voluptatibus-voluptatem-consequatur-consequatur.jpg', 'Voluptas aut sit tenetur maiores. Quia aliquid molestias ex ipsum. Debitis est asperiores vel rerum dolor sint accusantium. Corporis exercitationem excepturi sunt saepe molestiae rerum aliquam.\n\nHic eos ab explicabo eius velit ipsum ex. Et aut voluptate nesciunt blanditiis amet ipsa praesentium. Repudiandae inventore ducimus nisi.\n\nMolestiae inventore quam velit voluptatum unde ut deleniti. Itaque molestias hic aspernatur animi nostrum. Tempore corporis ipsa et sequi molestiae. Minus placeat est sunt exercitationem dolorem harum.\n\nEsse voluptate repellat praesentium dicta autem consequuntur non. Rerum temporibus enim numquam aut. Magni esse laborum ratione in consequatur. Voluptatem provident quo omnis optio nostrum rerum.\n\nQui impedit et dolor eligendi illum est. Voluptas aliquam officiis natus. Placeat ea labore facere animi sed eum ut.', 1, '2026-03-10 09:58:06', '2026-03-10 09:58:06'),
(51, 'Rob137', 'Fundamentals of Computer Vision', 'covers/quo-id-et-corrupti.jpg', 'Sint officiis architecto culpa incidunt architecto corporis. Nisi accusamus eveniet et ut. Rem soluta eum delectus veritatis. Voluptatibus perferendis recusandae possimus non sed ut.\n\nPerferendis aut nemo ullam incidunt numquam molestiae. Reiciendis eaque et vero velit molestias nesciunt. Qui aliquam sunt voluptas delectus error ea corporis.\n\nUt ab ab voluptatibus blanditiis similique. Consectetur non ea aut ut quas. Dolor a ducimus est corrupti commodi numquam est. Delectus dolores quod atque suscipit explicabo.\n\nAssumenda quae nesciunt aut cum alias. Et molestiae et quo sunt consequatur doloremque. Reprehenderit ipsum soluta eveniet quisquam. Et beatae non consequatur a eaque.\n\nEt quod beatae nam ut. Sed repudiandae et pariatur nobis et deserunt dolores.', 3, '2026-03-10 09:58:06', '2026-03-10 09:58:06'),
(52, 'Rob292', 'Introduction to Arduino Programming', 'covers/perspiciatis-nostrum-nam-officia.jpg', 'Sunt dicta necessitatibus et molestiae unde alias. A perspiciatis laudantium qui. Dolor sint voluptas delectus quisquam commodi facere.\n\nRerum qui voluptatem qui voluptatem. Assumenda saepe inventore nihil omnis rem ab. Doloremque et aliquam sunt sed cupiditate. Molestiae suscipit qui voluptas sint omnis quis.\n\nOptio consequatur animi quasi dolores nobis qui tempore. Sed qui qui ut consequatur dicta maxime. In et dolor eaque et repellat quos sit. Id cupiditate ullam at dolorem repellendus. Suscipit dolorum eum est ipsa sed accusantium.\n\nQui qui tempore et reprehenderit consequatur non hic veritatis. Maxime sit commodi porro consectetur. Unde ex dolorem ea ipsam non enim.\n\nAperiam voluptates accusantium reprehenderit incidunt voluptatem dignissimos. Dolorem temporibus molestias consequatur laudantium. Voluptas est distinctio autem ad rerum tempore ut. Expedita quia vel labore et et.', 3, '2026-03-10 09:58:06', '2026-03-10 09:58:06'),
(53, 'Rob565', 'Advanced Arduino Programming', 'covers/numquam-et-iste.jpg', 'Tempora dolorum ut vero laudantium consequatur quas tempora. Dolorum et quod cupiditate et ducimus. Ducimus facilis velit magnam sit delectus quo.\n\nEos ut et facilis quis explicabo voluptates et quae. Dolor sit ea quia consectetur nesciunt tenetur cumque. Sint libero qui eos ducimus doloribus.\n\nEius modi rem aut maxime soluta. Ut aut ullam et dignissimos id et. Consequatur repellendus quis qui vitae mollitia perferendis quam nihil. Quibusdam ipsa iure totam sed consequatur occaecati ducimus.\n\nDolores maiores quia sapiente laboriosam unde odio incidunt quae. Pariatur culpa voluptate consequuntur ea quia numquam et.\n\nNatus dolores ut minus esse ut. Ut rerum optio sunt. Vitae sunt vel architecto.', 2, '2026-03-10 09:58:06', '2026-03-10 09:58:06'),
(54, 'Rob817', 'Advanced ROS (Robot OS)', 'covers/vero-voluptas-temporibus.jpg', 'Voluptas sapiente id iure laboriosam accusantium eveniet. Vel in occaecati voluptatem aliquam harum. Dolores harum eos eaque incidunt perferendis. Velit sequi a dignissimos explicabo tenetur. Expedita molestiae voluptates molestiae.\n\nEius officia occaecati similique voluptatem quia quia sed voluptate. Facere itaque vitae ipsum voluptates quo vel. Et ut exercitationem explicabo voluptas quo. Corporis praesentium dolorem quaerat quia et.\n\nAd qui odio tempore ut alias consequatur blanditiis minus. Laborum sed sint quas quo maiores eius. Vel explicabo natus quam sed molestiae veritatis voluptatibus qui.\n\nEt ut culpa optio voluptas facere voluptatem cupiditate. Dignissimos non eaque et sunt voluptatibus eos non facilis. Voluptatibus saepe distinctio minus.\n\nId est vel atque ipsam. Quis veritatis inventore earum eligendi. Asperiores et rerum et velit. Ad aperiam possimus ducimus.', 2, '2026-03-10 09:58:06', '2026-03-10 09:58:06');
INSERT INTO `courses` (`id`, `course_key`, `title`, `cover_image`, `content`, `kit_id`, `created_at`, `updated_at`) VALUES
(55, 'Rob158', 'Fundamentals of Control Systems', 'covers/facere-qui-laboriosam.jpg', 'In est voluptate molestiae quaerat consectetur. Sint facere eligendi aperiam quia labore illum cum.\n\nIncidunt qui consequatur nemo et inventore. Labore qui suscipit placeat nihil nihil quia soluta.\n\nEt aperiam rem numquam est. Tenetur qui ipsum in libero. Et fugiat laudantium perspiciatis ex error nisi natus.\n\nSint quia et perspiciatis ducimus quas. Doloribus non aut quisquam voluptatem optio laborum maxime. Ut et occaecati cupiditate. Et dolor non dicta et unde soluta adipisci. Sequi quas sequi tempora qui.\n\nQuo earum dicta ipsum suscipit eveniet aperiam laudantium. Similique eos animi voluptatibus asperiores harum. Dolore corrupti eum hic rerum.', 3, '2026-03-10 09:58:06', '2026-03-10 09:58:06'),
(56, 'Rob697', 'Special Topics in Industrial Automation', 'covers/optio-repudiandae.jpg', 'Adipisci id totam tenetur accusantium culpa sit. Et ad laborum et est. Fugit non est illo ut et est quo. Eius qui non est sed.\n\nModi minima omnis iste laboriosam quod veritatis. Illo exercitationem excepturi quis non sequi voluptatem. Eos temporibus autem sequi et qui consequatur possimus. Consectetur qui ipsa a voluptate optio recusandae ipsum.\n\nVoluptatem quas est sit minima dolores sint. Quia voluptatem laudantium unde enim explicabo. Quis ut itaque labore eius est.\n\nConsequuntur quos eveniet amet nihil dolor. Quam perspiciatis suscipit laboriosam quia. Voluptas et quaerat sit officiis ea nihil est. Cum ut ut rerum quo.\n\nAspernatur repellat molestiae quo sed ut et sint. Ipsam laborum quasi consequatur et et placeat officiis sint. Quod beatae eveniet vitae recusandae aut non corporis. Quia nam aut et et iste dicta et distinctio.', 3, '2026-03-10 09:58:06', '2026-03-10 09:58:06'),
(57, 'Rob953', 'Practicum in Embedded Systems', 'covers/in-est-debitis.jpg', 'Et ipsa voluptas nihil blanditiis id voluptas incidunt est. Libero aut non velit assumenda omnis. Esse velit sit neque corrupti occaecati explicabo placeat et. Tenetur corporis est et ut soluta quod quia.\n\nQui tenetur dolores voluptates aut eum vel similique. Nobis iste velit rerum voluptas. Est occaecati iusto sed dolores. Quas consequatur fuga odit omnis magnam. Voluptas qui inventore incidunt mollitia est quos.\n\nNumquam dolorum et quo ut. Omnis quis omnis quod tempore. Mollitia earum excepturi tenetur consectetur omnis.\n\nTemporibus nisi doloremque quam qui quasi. Voluptatem quaerat alias consequatur ut blanditiis enim. Accusamus sequi blanditiis deleniti et inventore inventore. Eligendi quis sed sed et.\n\nSequi explicabo sed voluptas aliquid nostrum eos. Eveniet nihil id voluptatem nihil non asperiores delectus. Deserunt qui cumque sed nihil atque excepturi.', 3, '2026-03-10 09:58:06', '2026-03-10 09:58:06'),
(58, 'Rob426', 'Introduction to Robotics', 'covers/itaque-facilis-asperiores.jpg', 'Sunt eos numquam quae rerum aut voluptas maxime. Totam voluptate quam omnis. Qui illo cupiditate voluptatum totam modi consequuntur quas. Rerum dolores neque voluptas totam a qui.\n\nQuia illo porro facilis quos et earum. Modi nobis quaerat rerum quia. Eligendi vel et sed est quam eaque. Sed nesciunt adipisci ut animi quidem in harum sed.\n\nQuis unde velit molestias exercitationem sed suscipit vel. Qui sed repudiandae laboriosam sed dolorum. Consectetur et sit eveniet sequi quibusdam repudiandae. Rem et beatae accusantium sed. Qui voluptatem possimus suscipit.\n\nQuia est quos illo aliquam est. Qui aut sint dolores reprehenderit architecto vel. Saepe neque dolor aut tempore et. Est possimus vitae expedita vel.\n\nVelit placeat omnis veniam voluptas consectetur est. Vitae eius ut iusto. Vero natus officia voluptates dicta ut incidunt.', 1, '2026-03-10 09:58:06', '2026-03-10 09:58:06'),
(59, 'Rob736', 'Introduction to Industrial Automation', 'covers/sint-labore-eum-dignissimos-et.jpg', 'Dolorem fugit enim reprehenderit id qui deleniti autem. Reiciendis labore corporis sed commodi doloremque. Nemo qui optio aliquam veniam omnis numquam quidem eos. Qui labore et saepe eaque quis laborum.\n\nQuia error aut dolorum quo amet quia sit. Voluptate consequatur sunt repellendus beatae qui. Autem tenetur reprehenderit ipsa iure non dolorem. Dolorem rerum incidunt occaecati numquam.\n\nNon quo illo eveniet pariatur est est dolorem. Exercitationem occaecati et aliquid eos corporis. Architecto praesentium esse ipsum culpa doloribus recusandae.\n\nVoluptas molestiae praesentium voluptatem eos esse. Et nostrum earum voluptatem et sequi quaerat. Error numquam consequatur possimus fuga quia. Omnis ipsam sed expedita suscipit.\n\nLibero voluptas aperiam voluptates iste non ipsa impedit. Sint est assumenda rem ea eum voluptate et quos. Maiores ea rem dolor aut.', 2, '2026-03-10 09:58:06', '2026-03-10 09:58:06'),
(60, 'Rob216', 'Applied Robotics', 'covers/excepturi-eum-quia-libero-voluptatem.jpg', 'Molestiae inventore architecto illum iusto. Laboriosam voluptatem cupiditate sint quos qui molestiae. Ut sit inventore eos aliquid similique. Voluptatem quas aut ut sunt iste ad ex.\n\nDelectus quasi corrupti laborum aut doloremque asperiores. Consequatur aliquid magni dignissimos quod nulla neque.\n\nVoluptas sint voluptatum aut nisi et est eaque dolore. Et molestiae provident rerum doloribus quis. Alias ipsa ut qui et unde.\n\nDeleniti voluptas expedita et porro necessitatibus laudantium est. Magnam ad aut autem nulla et quis ut architecto. Ipsa eligendi laudantium vel. Error a quasi libero et dolores accusantium dolor.\n\nVoluptatem velit quo unde velit amet magni. Accusamus mollitia autem corrupti ea accusantium molestiae qui. Dolorum dolor autem eveniet minus corporis placeat.', 1, '2026-03-10 09:58:06', '2026-03-10 09:58:06'),
(61, 'Rob897', 'Special Topics in Mechatronics', 'covers/eius-est-sit-eius-voluptatem.jpg', 'Voluptate vitae voluptatem velit molestiae sed. Odit non consequuntur cumque tenetur. Beatae nihil distinctio nostrum vitae enim ipsum. Quibusdam ea illum saepe tempora.\n\nUt et magnam consequatur at eos et. Suscipit soluta ipsam sequi debitis. Saepe et impedit eos consequatur deserunt. Ut molestiae non eos reprehenderit quo quis fuga dicta.\n\nDolorum explicabo omnis sit ducimus nobis. Ut doloremque aut excepturi dignissimos nulla doloremque aut. In reiciendis expedita reiciendis voluptatem tempore.\n\nMinus rem id tempore veritatis necessitatibus vel. Quod doloribus voluptas quaerat et quae. Perferendis ex eos excepturi neque.\n\nEnim alias exercitationem sint numquam est ipsa. Ea suscipit dolorum nam magnam. Eligendi eius ipsam a veniam. Rerum sint architecto vitae qui voluptatibus.', 1, '2026-03-10 09:58:06', '2026-03-10 09:58:06'),
(62, 'Rob693', 'Principles of Embedded Systems', 'covers/nihil-numquam-soluta-architecto-autem.jpg', 'Optio omnis repellat quia enim sint voluptate iusto. Assumenda libero perspiciatis laboriosam natus deleniti velit quo ea. Nihil qui laboriosam velit. Quia ad rerum soluta qui quia vel. Eos sit sit corrupti aperiam laborum ullam.\n\nEos aliquid et cupiditate. Ut rem vero nisi molestias pariatur ratione.\n\nQuasi tempore qui ab provident consequatur et facilis. Omnis maiores voluptatum nihil blanditiis sint magnam atque. Sapiente quia doloremque officia ex doloremque.\n\nQuia consequatur aut suscipit porro est. At ut voluptas quia ullam voluptate. Doloremque eum adipisci rerum esse quis. Assumenda quo suscipit reprehenderit velit ea.\n\nVeniam aliquid cupiditate tempora et unde repellendus est aut. Officiis nulla pariatur magnam officia. Repudiandae totam inventore quas numquam ut aut. Ea et quia id nesciunt expedita.', 1, '2026-03-10 09:58:06', '2026-03-10 09:58:06'),
(63, 'Rob427', 'Applied Arduino Programming', 'covers/alias-facere.jpg', 'Voluptatem qui ut quo. Aut dolore voluptatem sit aut dignissimos quos rerum. Sed quo error eos quo rerum nostrum eum.\n\nRerum non blanditiis provident consequatur quia dolor voluptatem voluptatum. Quis et sed velit voluptatem. Dolorem rerum consectetur est cumque. Quos libero perspiciatis ducimus facilis quasi commodi ipsum. Distinctio repudiandae autem vero molestiae.\n\nSoluta distinctio velit itaque quasi in omnis et nobis. Vel est sint optio quaerat eaque quidem. Rem repellat tenetur facilis et in officiis est illum.\n\nQuo nam harum velit facere ut magnam quos. Facere est sint aperiam repellat reiciendis ea et. Quibusdam quis fugit quidem eveniet eos et.\n\nNon minus dignissimos et molestiae doloremque commodi. Praesentium autem molestiae autem est nostrum. Ipsam porro blanditiis nam doloremque. Quis eius reiciendis explicabo quia commodi laboriosam esse totam.', 2, '2026-03-10 09:58:06', '2026-03-10 09:58:06'),
(64, 'Rob189', 'Special Topics in Automation', 'covers/ut-qui-omnis.jpg', 'Praesentium in enim qui nihil at corrupti voluptas. A est corporis quis. Necessitatibus harum ab cumque in. Et nihil ipsam accusantium et dolore animi.\n\nDolores sit et sed qui pariatur architecto asperiores voluptas. Deserunt suscipit et doloribus sit officiis. Non quos distinctio mollitia eligendi possimus.\n\nId molestiae dolorum ipsa ut illum ea accusantium. Nihil nisi iste est ut. Enim dolore eum a excepturi sed deserunt.\n\nEst ad assumenda possimus. Aperiam omnis quo iste facilis nulla non quia. Modi quibusdam perspiciatis asperiores voluptas.\n\nRepudiandae vitae rem alias praesentium vel. Deleniti quia ea aut debitis reprehenderit. Eaque sed expedita aliquid et et animi et. Inventore ducimus iusto corporis minima aut.', 3, '2026-03-10 09:58:06', '2026-03-10 09:58:06'),
(65, 'Rob802', 'Workshop: 3D Printing for Robotics', 'covers/quo-eligendi-ullam.jpg', 'Consequatur est rerum quis dolorum quisquam nisi. Ut vel nobis debitis nisi omnis quo.\n\nQuo ducimus sint sint blanditiis vero reiciendis provident. Vel et neque et voluptas dolores explicabo. Facere laudantium ut non repellat mollitia asperiores iusto. Ipsum adipisci eveniet qui ab aliquid et.\n\nQuod molestiae expedita minus placeat. Et totam nihil molestiae ex minus fugit. Necessitatibus culpa distinctio odio sit voluptas occaecati distinctio. Vel optio id veritatis.\n\nFugit accusamus deleniti eos eos dicta non. Atque minus autem quam vero aut amet laborum facilis. Odit adipisci ut et enim consectetur excepturi autem.\n\nAut in esse quibusdam tempore praesentium quam aliquam. Sunt tempora et quo ut maiores accusantium. Quia numquam dolor cumque quos doloribus cupiditate corrupti. Harum provident architecto omnis facilis nobis ut perspiciatis.', 3, '2026-03-10 09:58:06', '2026-03-10 09:58:06'),
(66, 'Rob221', 'Workshop: 3D Printing for Robotics', 'covers/corrupti-dolore-iure-est.jpg', 'Et praesentium impedit et. Consequatur in omnis optio possimus eaque. Molestiae quidem id sequi porro. Autem suscipit laudantium autem cum iusto non voluptate.\n\nSimilique inventore veniam veritatis est commodi. Magni impedit ab ab expedita. Qui dolorem iste atque velit dolorem quos aut. Facilis est et vel ullam officia natus iusto.\n\nMagnam magnam distinctio animi unde deleniti. Voluptas et atque nulla aspernatur totam sed iste. Totam officia aspernatur vitae. Explicabo suscipit recusandae quam.\n\nNeque iste qui dolorem neque nam culpa. Qui eos soluta voluptate doloribus quia aut nobis voluptatem. Praesentium non laboriosam quidem quasi quia. Esse alias eligendi iusto consequatur qui omnis in.\n\nCum rerum animi voluptatem possimus quo harum. Ut repellat sit voluptate natus sequi est ullam.', 1, '2026-03-10 09:58:06', '2026-03-10 09:58:06'),
(67, 'Rob881', 'Special Topics in Embedded Systems', 'covers/sit-ut-reiciendis-consequatur.jpg', 'Nisi atque nihil sed nesciunt libero. Sunt molestiae quisquam sunt quia atque. Et asperiores sit accusamus. Quis consectetur atque facilis quas nam placeat veniam voluptatum.\n\nEt vitae quam sequi dolores odio. Molestiae in suscipit quam aut consequatur ipsa ad. Suscipit blanditiis esse ut ut. Numquam sapiente aut sed quia magni.\n\nEveniet distinctio qui iste eum est doloribus. Nesciunt non autem tempora aut voluptatibus porro. Illo officiis autem omnis et. A quo nobis aut nesciunt minus perferendis. Quasi eum sint deleniti fugit quibusdam rerum.\n\nPariatur voluptatem laborum ducimus maxime laborum qui. Eum sint dolore possimus non. Et quos sequi ut itaque.\n\nVoluptas eum eaque deleniti et esse. Iusto veritatis harum porro doloremque earum rem assumenda. Aliquam sint sit error. Consequatur natus quasi animi quae recusandae.', 2, '2026-03-10 09:58:06', '2026-03-10 09:58:06'),
(68, 'Rob571', 'Introduction to Robot Kinematics', 'covers/vero-odit-inventore.jpg', 'Et nam possimus expedita modi hic aliquam aut. Ipsa consectetur libero aliquam numquam eos. Qui esse porro incidunt error provident ut.\n\nRatione rerum qui vel beatae rerum. Quos blanditiis atque dolorem. Rem sed cum aut ut voluptatum distinctio non. Inventore beatae rem iusto autem rerum.\n\nAutem unde placeat ea magnam. Eveniet rerum similique qui earum ut. Recusandae assumenda delectus id qui est.\n\nEt adipisci unde velit voluptatem sint a. Minus quis molestias quia est illum nemo. Dicta fugiat cum sit possimus.\n\nDignissimos quia iste placeat sed adipisci vel labore nemo. Officia iste dolorem autem aliquid sint et deleniti. Accusantium voluptates libero rerum sit quam. Aut est dolorum voluptas quaerat fugiat.', 3, '2026-03-10 09:58:06', '2026-03-10 09:58:06'),
(69, 'Rob778', 'Fundamentals of Industrial Automation', 'covers/quam-quo-eaque-delectus-voluptas.jpg', 'Magni delectus quisquam cupiditate fuga quod a. Eligendi qui eaque facilis distinctio quia. Voluptates deserunt necessitatibus repellendus magni perspiciatis itaque.\n\nEt est eos officiis atque qui saepe accusantium. Laborum est quo possimus voluptatem aspernatur excepturi. Similique dolorem porro ducimus mollitia alias error. Nobis cupiditate error cumque vel.\n\nSuscipit voluptas sit illo ea recusandae provident quis. Non ea cupiditate cupiditate architecto et quisquam. Itaque velit qui ut cumque minus vel ipsum. Omnis pariatur exercitationem mollitia iure quaerat.\n\nConsequatur voluptatem quidem rerum quas necessitatibus error animi soluta. Similique odit autem est. Mollitia sunt omnis ipsa.\n\nCumque nostrum et aliquam atque alias veritatis in est. Et est doloribus sequi non odio consequatur nihil.', 2, '2026-03-10 09:58:06', '2026-03-10 09:58:06'),
(70, 'Rob249', 'Introduction to 3D Printing for Robotics', 'covers/cum-facilis.jpg', 'Officiis eos vel aut et. Quia molestiae iste consequatur. Sed et maiores ut et provident et. Voluptates voluptas est provident voluptates ea et quidem qui.\n\nDebitis in quia nemo. Possimus exercitationem quidem fugit dolore aspernatur alias omnis. Porro voluptatem qui vitae doloribus. Odio molestiae accusamus quae cumque autem aperiam.\n\nPossimus est laboriosam odit non. Inventore fugit dolor blanditiis accusantium. Ipsam omnis eum sed est id consectetur.\n\nTenetur quasi distinctio tempore labore voluptatem. Voluptas inventore soluta modi cumque eum error. Quia molestiae expedita nihil aliquam voluptas. Et odio architecto aliquid.\n\nOfficia ut autem aspernatur quis amet provident. Minima voluptates et voluptatem qui ut. Dolor molestias laboriosam earum reiciendis. Ea quos rerum sint consectetur aut. Praesentium et omnis laboriosam voluptas nesciunt assumenda dolor.', 2, '2026-03-10 09:58:06', '2026-03-10 09:58:06'),
(71, 'Rob437', 'Principles of Industrial Automation', 'covers/corporis-dolores-modi-recusandae-et.jpg', 'Vel fugiat unde expedita tempora ea. Doloremque laboriosam eum optio quam aut quidem. In et dolores fugiat vel quia sunt. Corporis sed dolores omnis aut eos tenetur voluptas.\n\nIllo rerum minima modi molestiae est et dolor velit. Sed rerum enim voluptatem occaecati.\n\nDistinctio ea recusandae molestiae harum perferendis. Distinctio dolorem veritatis non qui dolore. Officiis quo numquam sequi ipsam hic laudantium.\n\nTotam quia aliquid quam. Accusantium temporibus et modi. Aut eos et qui perspiciatis commodi. Illo animi dicta consequatur error.\n\nEum et enim veritatis at autem nihil. Corporis possimus aut magnam tenetur qui.', 2, '2026-03-10 09:58:06', '2026-03-10 09:58:06'),
(72, 'Rob863', 'Workshop: PLC Programming', 'covers/quis-deserunt-perferendis-delectus.jpg', 'Quisquam sed rerum est natus et sequi. Aliquid eveniet dolores architecto perferendis quidem. Officia ab dolorem laborum sit et.\n\nSunt aut beatae placeat iure quas aut earum illo. Ut molestias quae et qui quasi omnis et. Nobis sunt eum facere iusto iusto occaecati. Vitae eos culpa minus odit ad dolor eum et.\n\nQuos deleniti labore sit cumque. Harum laboriosam et assumenda non est et. Molestiae sapiente quia dolor. Est ipsum corrupti molestias harum sapiente consequatur doloribus.\n\nLabore est voluptatem maiores in. Voluptate magnam adipisci nihil fuga non ut. Magni necessitatibus est neque et quis iusto.\n\nAut perspiciatis ut dignissimos sunt molestiae. Nobis voluptatum maiores eius eius accusantium qui facilis. Enim et corporis sit harum vitae quam at. Est temporibus ut saepe omnis repudiandae sit.', 3, '2026-03-10 09:58:06', '2026-03-10 09:58:06'),
(73, 'Rob688', 'Advanced Robot Kinematics', 'covers/voluptatum-unde-accusantium.jpg', 'Neque mollitia velit assumenda dolorem ut veritatis. Quidem possimus consequatur ut. Iste voluptas voluptas magni sapiente dolor veritatis et. Ex ad reiciendis et mollitia aut.\n\nFugit qui sed magni nisi sunt necessitatibus. Non debitis saepe ut sunt nobis magnam. Dolorum nemo veritatis animi. Autem similique ut aspernatur expedita provident molestias nemo quaerat.\n\nQuis nihil nihil explicabo quam in possimus quae. Deleniti facere numquam nostrum veritatis ut accusantium alias. Delectus est ratione suscipit in suscipit.\n\nVoluptates voluptatem ut laborum. Sunt atque nesciunt explicabo debitis rerum. Praesentium beatae et autem sapiente. Optio eum tempore deserunt non aliquid soluta. Sint unde cupiditate pariatur deleniti ut sequi ipsum.\n\nOmnis quae eos atque porro. Blanditiis enim reprehenderit quasi animi aut optio. A neque fuga doloribus corporis blanditiis voluptatem molestias assumenda. Fugit non in eum et non labore maiores. Temporibus labore ducimus sapiente sint eos delectus ipsam.', 2, '2026-03-10 09:58:06', '2026-03-10 09:58:06'),
(74, 'Rob511', 'Practicum in Automation', 'covers/minus-voluptatem-nobis-unde.jpg', 'Voluptatem ut tempore dolores ratione nemo et. Corrupti deserunt omnis et minus. Magni voluptate fugiat quam eligendi quia autem.\n\nQuibusdam aut illum praesentium odit. Qui vel corporis omnis. Ratione in est consequatur aut corrupti.\n\nMolestiae et culpa beatae sint consequatur. Asperiores qui aut sed quia. Non laborum reprehenderit illum eum qui at sit.\n\nDolorem tempore id sunt cumque et cumque vero. Molestiae sunt at aut. Expedita maxime quibusdam est ea eligendi. Nihil facere accusamus dolor labore excepturi.\n\nExcepturi omnis deleniti enim suscipit ut nemo. Non sint tenetur impedit aut. Ab molestiae molestiae ipsam atque. Et eos dolore laudantium voluptas et rerum.', 1, '2026-03-10 09:58:06', '2026-03-10 09:58:06'),
(75, 'Rob160', 'Introduction to Control Systems', 'covers/officiis-ex-perferendis-voluptatum-consequatur.jpg', 'Maxime magnam sint voluptas repellendus asperiores error ut. Iusto esse non et quia quia accusantium ratione. Error rerum provident saepe porro aut fugit et aliquid.\n\nOmnis incidunt soluta et qui et sunt. Et sit doloribus laboriosam illum. Aperiam ducimus nihil nesciunt rerum itaque. Dolor consequatur illum eveniet.\n\nHic voluptatem aperiam vel porro ipsa tempore saepe aliquam. Corrupti exercitationem eum perspiciatis possimus incidunt. Odio in sit magnam doloremque doloribus delectus eos.\n\nNobis quo culpa et consequuntur. Reiciendis rem cum facere accusantium ratione eligendi rerum. Vel in saepe omnis ratione autem sit rem debitis. Amet atque id facere veritatis consequatur nostrum nam rerum.\n\nUt autem doloribus adipisci eos. Voluptate non nemo minima veritatis. Sunt ea officia nihil aut.', 1, '2026-03-10 09:58:06', '2026-03-10 09:58:06'),
(76, 'Rob848', 'Practicum in Embedded Systems', 'covers/consequatur-enim-praesentium.jpg', 'Commodi provident quis doloremque excepturi ipsam consequuntur tempora quidem. Assumenda id eum ea perspiciatis porro voluptas. Et optio quam minima error.\n\nOptio cumque quisquam sequi et. Temporibus sunt ex aut eius commodi optio. Libero cum mollitia id numquam non.\n\nMagnam quia tempora quo voluptas dolores. Consectetur et facilis nihil at vel. Dolores totam quia et corporis officia. Sed pariatur accusantium alias officiis rem et.\n\nVelit quo aut consequatur et. Sit necessitatibus fugiat est veritatis sapiente. Vero qui facere quod enim. Sed culpa soluta quis et dignissimos. Possimus eos neque id recusandae.\n\nEnim maiores dolor omnis molestias accusamus praesentium. Ex sint ut earum a numquam sint autem. Aperiam aliquam aperiam quia perferendis laborum. Cumque pariatur est aliquid error excepturi at atque. Laudantium iusto aliquid saepe optio.', 3, '2026-03-10 09:58:06', '2026-03-10 09:58:06'),
(77, 'Rob129', 'Special Topics in 3D Printing for Robotics', 'covers/tenetur-in.jpg', 'Debitis inventore expedita quo voluptatem voluptatum non. Corporis laudantium corrupti natus quas quis enim incidunt. Animi et minima molestiae.\n\nOdit cupiditate inventore nesciunt eaque autem. Sed quo et est. Modi labore aut dolore qui nisi iusto.\n\nIure nam et ut et molestiae vel id est. Fugit odio asperiores ullam est nihil iure. Tempore exercitationem qui quas aut.\n\nDebitis cupiditate modi magnam dolor quis. Ex iusto illo pariatur rerum reprehenderit quaerat voluptatem. Modi inventore molestiae et occaecati minus iusto. Beatae commodi accusantium voluptatibus quidem quos sit ut.\n\nQuasi impedit quas sint eum tenetur asperiores est. Aperiam eveniet consectetur sapiente ex assumenda sit illum. Impedit pariatur sapiente dolorum sequi dolorum at provident. Voluptatem sunt veniam excepturi deserunt hic sed ducimus.', 3, '2026-03-10 09:58:06', '2026-03-10 09:58:06'),
(78, 'Rob692', 'Fundamentals of 3D Printing for Robotics', 'covers/magnam-repellat-ea-enim.jpg', 'Quia reiciendis sit impedit incidunt. Voluptate magni molestias voluptatem sed. Id sed magnam voluptas corporis iusto nisi. Facilis ut dignissimos quod dolorum.\n\nSunt dolorem quae vitae aut in. Omnis ut rerum aliquam sit et. Eos qui porro blanditiis labore.\n\nDeserunt excepturi atque vel saepe neque dolorum eos esse. Est quos et sunt quia quis. In voluptatem rerum ullam voluptates dicta cupiditate.\n\nQuis quibusdam nihil ipsum magni voluptatibus quo et. Quod qui eveniet harum modi repellat et aut.\n\nA et hic reiciendis dolorem sint. Aut sed cupiditate ratione dolores temporibus eaque veritatis molestiae. Praesentium aut amet saepe rerum error sunt sit et.', 3, '2026-03-10 09:58:06', '2026-03-10 09:58:06'),
(79, 'Rob358', 'Advanced Sensors and Actuators', 'covers/maiores-ipsam-inventore-voluptatum.jpg', 'Qui laborum assumenda aliquam consequatur dolorem ad facilis. Doloremque in nihil fugiat maxime.\n\nConsectetur molestiae necessitatibus ut ea odio. Sint enim quaerat tenetur reiciendis officia quos exercitationem. Odit velit occaecati esse voluptatibus deleniti nam. Et est reprehenderit praesentium ratione neque ex distinctio.\n\nIusto alias expedita eligendi quo mollitia. Fugit id debitis excepturi qui. Odit ducimus molestias minus consectetur.\n\nIpsa excepturi officia veritatis inventore rerum dignissimos. Nemo consequatur ipsam et sit. Repellendus ipsa aut id architecto quibusdam. Molestiae vitae consequatur nobis quibusdam modi et animi.\n\nNumquam voluptate minima sint velit ut. Ipsa sequi animi cumque et. Ex dolor laboriosam labore sed.', 1, '2026-03-10 09:58:06', '2026-03-10 09:58:06'),
(80, 'Rob176', 'Fundamentals of Artificial Intelligence for Robots', 'covers/dolorum-amet-neque.jpg', 'Rem at quos officiis eos dolorum. Nostrum est non in. Ex voluptas adipisci quaerat repudiandae. Quod aut omnis hic ratione sed labore.\n\nCupiditate dolore maxime voluptas eveniet sit perferendis inventore. Eligendi dolorem sed eos dolor ipsa possimus consectetur. Voluptatum deleniti et et. Accusantium saepe quia ea exercitationem.\n\nCorrupti odio necessitatibus sed nobis sint facere. Excepturi et dolorem aspernatur consectetur est aut. Assumenda doloremque ex suscipit quia nisi. Alias fuga dolores quia quia dolorem qui nesciunt illo.\n\nDistinctio vel sapiente omnis. Aspernatur explicabo est beatae cupiditate iusto et. Et atque velit rerum. Vel nihil nulla qui rerum dolor dolores incidunt.\n\nVoluptas et illo quam animi alias. Ut velit eaque nulla velit natus. Quia fuga totam velit quod atque.', 3, '2026-03-10 09:58:06', '2026-03-10 09:58:06'),
(81, 'Rob864', 'Applied Arduino Programming', 'covers/consequuntur-sunt-sit.jpg', 'Consequatur accusamus quasi id cum non. Magni quia quam illo officia tenetur. Rerum ut nisi dolor provident eos non consequatur tempore. Blanditiis mollitia dolores eaque rerum quas distinctio.\n\nEt placeat aut modi modi aut est sed. Architecto porro eius expedita natus reiciendis suscipit. Veniam asperiores corrupti animi.\n\nIncidunt eveniet esse et facere dolor voluptatem magni rerum. Distinctio praesentium sit omnis. Nisi necessitatibus fugit omnis libero veniam.\n\nVoluptas temporibus facilis quia quod minima qui. Temporibus tenetur aliquam est est explicabo. Cupiditate reiciendis ut labore saepe accusantium veniam officiis harum.\n\nCorporis quia voluptates quo. Eum hic sit enim et voluptatem aliquam quia. Minima et natus ut omnis. Sed non provident qui odio enim.', 3, '2026-03-10 09:58:06', '2026-03-10 09:58:06'),
(82, 'Rob717', 'Special Topics in ROS (Robot OS)', 'covers/temporibus-aut-nihil.jpg', 'Voluptatem eum quae laudantium aliquam harum ipsum. Placeat harum quod nisi illum nihil soluta quia beatae. Suscipit laudantium corrupti explicabo. Est animi minus quae maiores veniam.\n\nVoluptatem eos accusamus fugiat et eos nulla at. Voluptas iure magni fuga velit recusandae. Soluta odio aperiam est unde. Quos dolor est est.\n\nConsequatur ut facilis ratione tempore. Saepe quia temporibus ut est. Rem enim sapiente enim ut.\n\nUt atque error et id quos eum explicabo. Aut aperiam ut sunt voluptatem sint corporis provident. Earum aut cum in animi omnis vero incidunt soluta.\n\nSed accusantium non ducimus deserunt. Quidem odit ipsum praesentium. Doloribus hic qui vel adipisci deserunt. Cumque deserunt libero ratione ab autem amet.', 1, '2026-03-10 09:58:06', '2026-03-10 09:58:06'),
(83, 'Rob198', 'Workshop: Control Systems', 'covers/totam-aspernatur-quaerat.jpg', 'Tempora doloremque dolores consequuntur in asperiores sequi sunt. Enim magni cupiditate eligendi quo voluptates sit corporis.\n\nAliquam et ipsam et ut est neque molestias. Rerum eius quod dignissimos aut a consectetur adipisci. Quam adipisci ut fuga amet quam distinctio ut.\n\nNemo quaerat qui porro et sed. Molestiae debitis veritatis et qui suscipit nemo facilis. Asperiores dicta a quia. Eos minima quisquam aut autem aut voluptas.\n\nDoloremque quis est illo dolore. Recusandae aut assumenda consequatur tempore non ut. Provident ut autem voluptatem explicabo quis excepturi similique. Quia eum quas repellendus.\n\nBlanditiis voluptas sit quidem fugit officiis enim. Eum vitae odio neque officiis deserunt suscipit qui assumenda. Eum totam quas quia repellendus ratione cum. Inventore praesentium provident vel distinctio tempora fugiat.', 1, '2026-03-10 09:58:06', '2026-03-10 09:58:06'),
(84, 'Rob659', 'Workshop: Computer Vision', 'covers/aut-saepe-delectus.jpg', 'Ut sit harum omnis voluptates minima voluptas asperiores et. Exercitationem voluptatem eos dolore voluptatem odit possimus placeat. Maiores consequatur et hic eaque. Ut officiis nostrum sit qui quis et et velit.\n\nIure illo sit temporibus harum omnis qui ducimus. Illum aut necessitatibus dolor quae cum non doloremque est. Consequatur eos omnis voluptatum officia laboriosam temporibus officia. Omnis tempora qui aliquid laboriosam accusamus nihil laudantium. Dolorum molestiae tempora rerum qui.\n\nUllam dolores similique eum dignissimos esse sunt suscipit. Eaque cupiditate facilis ut sed. Dolores delectus eos maxime qui autem id ipsum quidem. Optio aut aliquid cupiditate.\n\nId a aliquid iure deleniti. Officiis eius soluta corporis aut aut. Fuga consequuntur sed eos. Aut consectetur tenetur est ut perferendis minus.\n\nAut iste culpa quisquam quos. Ut amet error tempora et quod architecto excepturi. Rerum ratione voluptatibus facere qui itaque quos unde unde. Possimus voluptatem esse odio nemo molestias at.', 2, '2026-03-10 09:58:06', '2026-03-10 09:58:06'),
(85, 'Rob418', 'Practicum in Computer Vision', 'covers/velit-velit-facere.jpg', 'Sapiente ut esse atque vel velit aut. Commodi iste quae sequi quae. Ipsam et necessitatibus dolor voluptas.\n\nEius dolorum ut accusantium optio quasi quasi. Sunt officiis deserunt nihil sed occaecati temporibus nostrum. Consequuntur vel reiciendis ad mollitia.\n\nVelit aut at sint sit. Accusantium voluptatum non placeat enim.\n\nDebitis voluptatem odio cumque id error est. Et quia ex et animi at. Ut eos commodi corrupti distinctio quidem dignissimos. Reprehenderit aut exercitationem asperiores veritatis incidunt.\n\nQuidem voluptatem maxime perferendis molestiae excepturi. Maxime quia sed dolorum recusandae fugit qui. Consequatur officia odio est omnis quia. Voluptate vel debitis earum sint repellat dolor voluptatem.', 3, '2026-03-10 09:58:06', '2026-03-10 09:58:06'),
(86, 'Rob360', 'Introduction to Robotics', 'covers/quia-quas-dicta-est.jpg', 'At expedita laudantium suscipit ad eos corporis quas. Amet expedita deserunt dolore eos. Cumque voluptates architecto dolores beatae possimus. Vero ad quo facere consequuntur exercitationem dolorum.\n\nQuo suscipit dolorum repellat sint. Quisquam reiciendis aut quo optio doloribus. Sunt est ut dolore repellat vitae esse. Repellat perspiciatis dicta dolor mollitia molestias qui nulla.\n\nEos possimus voluptas temporibus enim officia. Quam a architecto omnis itaque omnis harum. Aliquid sed ullam consectetur ab et est. Est corporis aspernatur architecto rerum rerum itaque molestias eos.\n\nRerum reprehenderit doloribus debitis aliquam dicta. Hic iure voluptas odit voluptatem. Pariatur libero esse sed est ad qui tempore.\n\nError nostrum sequi odio reiciendis quia corporis incidunt et. Illo beatae numquam amet sequi ut nulla. Dolores ut autem cum omnis qui aut delectus. Eum suscipit maiores voluptatem omnis voluptas.', 3, '2026-03-10 09:58:06', '2026-03-10 09:58:06'),
(87, 'Rob156', 'Principles of Sensors and Actuators', 'covers/adipisci-perferendis-fugit.jpg', 'Consequatur repellendus doloribus officia expedita impedit. Officia et et laborum. Excepturi natus iste fuga quis amet eum et.\n\nProvident culpa ut eos consequatur et recusandae. Sunt alias quo aut officiis placeat. Enim et dignissimos molestiae reprehenderit mollitia. Nihil aut et rerum consequuntur dolores expedita consequatur. Nisi maxime voluptatibus quasi ex molestiae voluptates occaecati.\n\nVelit esse rerum reprehenderit. Quis aliquid ut commodi rem. Veritatis incidunt dolores et qui. Eos quasi eum ut.\n\nEst voluptatum voluptas at eos eum et quod et. Repellat est sint expedita optio. Et saepe eos eveniet minima dolores odio. Inventore distinctio laboriosam voluptatibus qui maxime error nam.\n\nPossimus ad esse impedit consequatur vero. Consequatur earum nihil veritatis quidem quos cumque libero. Blanditiis non ratione et quia vitae tempora. Voluptatibus explicabo eum sit suscipit.', 1, '2026-03-10 09:58:06', '2026-03-10 09:58:06'),
(88, 'Rob313', 'Principles of ROS (Robot OS)', 'covers/debitis-maxime-atque.jpg', 'Maxime sunt odit totam necessitatibus. A non accusamus ullam occaecati vitae.\n\nEius qui esse occaecati voluptatem. Saepe repudiandae quasi asperiores explicabo ab aliquid ut. Fugit illo excepturi et quis enim.\n\nSint a ex sit sit voluptatem voluptatibus sit excepturi. Dignissimos fugit similique in qui. Aliquid ut rerum velit accusantium.\n\nLaboriosam est voluptas molestiae aut. Rerum voluptatem quod nobis tempora. Deleniti adipisci qui impedit recusandae saepe. Perferendis consequatur hic vel nisi.\n\nReprehenderit ut dolorem ipsum illo ut voluptatum cum. Vero sint laboriosam consectetur soluta et in vitae. Laudantium veritatis illum quia consequatur fuga.', 3, '2026-03-10 09:58:06', '2026-03-10 09:58:06'),
(89, 'Rob442', 'Applied Artificial Intelligence for Robots', 'covers/officia-nihil-eum.jpg', 'Voluptas ratione nihil temporibus itaque. Earum voluptatem facere neque est veniam.\n\nAdipisci vitae iure omnis ex repellendus laboriosam recusandae. Aut occaecati quia perspiciatis nemo temporibus sit dolorum itaque. Alias mollitia nihil culpa corrupti eum veniam officiis vel. Quidem est dicta nobis ut et cum possimus.\n\nNobis quam deserunt velit unde in perferendis debitis ex. Praesentium nihil animi rem rerum deleniti. Commodi magnam aspernatur sapiente itaque quam itaque. Velit aliquam illum provident maxime.\n\nEligendi voluptas id omnis consectetur modi. Voluptatem sequi at ut exercitationem. Nisi aspernatur ut ab exercitationem in culpa. Iste vitae rerum atque ut velit non consequatur.\n\nDoloribus quam quas quo nihil reiciendis molestiae. Est sint tenetur est nostrum impedit. Saepe vero reiciendis quasi officia consectetur. Molestias incidunt nam neque magnam dolor et est.', 1, '2026-03-10 09:58:06', '2026-03-10 09:58:06'),
(90, 'Rob788', 'Advanced ROS (Robot OS)', 'covers/enim-soluta-voluptatem-iusto-placeat.jpg', 'Sit voluptas velit cum. Et harum asperiores accusamus laudantium et fuga. Sed et ipsa enim dolores commodi eveniet eveniet.\n\nVeniam laborum sapiente non aut rerum id sint. Placeat similique omnis quidem aut laudantium repudiandae quia. Est et at possimus omnis fugiat quo. Quod corrupti eveniet totam.\n\nFacere ratione neque consequuntur odio. Et placeat optio laudantium quo ut et placeat. Sed nihil harum iusto non iste deleniti aliquid. Vero consectetur amet assumenda magnam voluptas.\n\nIllum reprehenderit harum molestias sit debitis sunt autem qui. Ullam error et reiciendis in nulla. Placeat rem ut vero nostrum. Reprehenderit nam nemo omnis ea totam culpa. Itaque nostrum reprehenderit saepe veritatis sit sed.\n\nSequi et deleniti nam ab cum eos. Quia laborum incidunt et illum ipsam ab. Architecto voluptas vel aliquid facilis incidunt aut.', 3, '2026-03-10 09:58:06', '2026-03-10 09:58:06'),
(91, 'Rob661', 'Special Topics in 3D Printing for Robotics', 'covers/quaerat-tenetur-rerum-rerum.jpg', 'Aspernatur pariatur quam vero omnis et quasi alias. Quod eveniet ab ut et suscipit vitae et. Iste quos quas rerum. Quaerat pariatur voluptatem aut voluptatum voluptatibus.\n\nDistinctio autem accusamus magni. Iste delectus earum id reprehenderit. Deleniti qui quaerat provident. Sunt ut delectus enim in ut.\n\nDoloribus nostrum dignissimos iure reprehenderit et incidunt. Iusto recusandae dolor voluptate sed at aperiam at. Pariatur assumenda nihil repellat harum. Aperiam libero sunt quo in culpa nisi.\n\nEnim optio sed dignissimos sint adipisci. Ipsum tempore impedit quis nobis omnis magni. Aut cupiditate aut quasi voluptates.\n\nSunt nostrum recusandae voluptate nulla. Quis quibusdam aut illo ducimus perspiciatis. Eum nemo fugit enim eligendi labore.', 1, '2026-03-10 09:58:06', '2026-03-10 09:58:06'),
(92, 'Rob118', 'Workshop: ROS (Robot OS)', 'covers/alias-saepe-et-aut.jpg', 'Molestiae quo delectus numquam aliquid sit. Natus corporis rem labore laudantium esse vitae. Voluptatem officia unde ad autem esse voluptate.\n\nEnim perspiciatis sed voluptas iusto vel illum eveniet doloribus. Accusantium atque ipsum rem pariatur eos qui vel. Qui sit dolorum autem quo dolor quo ratione. Omnis officia provident ex. Est optio ut repellendus perspiciatis et eos quae.\n\nReiciendis ut quo sunt repellat illum consectetur cumque. Voluptas optio ratione cumque vel. Deserunt vitae veniam optio maxime iste optio consequatur corporis.\n\nEt et qui sit odio consequatur. Voluptatem minus est iusto cupiditate reiciendis repellendus. Labore earum fugiat itaque enim incidunt quasi voluptas et.\n\nQuia est quidem mollitia consequatur hic ut. Sed consequatur quidem possimus deleniti. Dolor aut facere at modi minima. Est veniam sunt delectus rerum non facilis aspernatur provident.', 1, '2026-03-10 09:58:06', '2026-03-10 09:58:06'),
(93, 'Rob603', 'Advanced Computer Vision', 'covers/non-aut-omnis.jpg', 'Amet explicabo ut laboriosam porro atque ut eos. Ea et et blanditiis minus rem. Hic autem et asperiores sint.\n\nIncidunt aut nulla dolorem qui ex quibusdam aut. Dolorum et nam explicabo quasi ut assumenda quis. Vitae blanditiis ab vero odit.\n\nRem voluptas facere est adipisci nesciunt. Quis doloremque et soluta cupiditate quos est reprehenderit sit. Sunt quo impedit modi sed eligendi blanditiis quibusdam.\n\nEt perferendis ab in. Enim rem dolor eius tenetur. Eos perferendis eveniet facilis veniam rerum dolorem. Dolor soluta nihil pariatur doloremque. Iusto labore sit sed.\n\nVoluptatem soluta ipsa voluptas repellat. Nisi repudiandae qui provident fuga soluta. Aut soluta consectetur ut itaque.', 1, '2026-03-10 09:58:06', '2026-03-10 09:58:06'),
(94, 'Rob906', 'Principles of Robotics', 'covers/accusantium-et-corporis.jpg', 'Ad et autem ut ipsum. Eum debitis esse accusamus voluptas debitis.\n\nSoluta facere quaerat eaque non nihil fuga. Delectus omnis eaque ut sed eum sequi mollitia. Quod ut et eum sint.\n\nEa non veniam culpa. Quaerat repellat assumenda atque odio vel cupiditate id.\n\nDucimus ut accusantium vel dolore dolores. Aut omnis optio modi est. Nisi est voluptates quam in quis omnis inventore.\n\nSunt ratione omnis illum quis illo ut provident. Illo velit nesciunt vel sed officiis consequatur. Aut voluptatem et libero illo ex ad eos facilis. Voluptas repudiandae non laborum perferendis.', 2, '2026-03-10 09:58:06', '2026-03-10 09:58:06'),
(95, 'Rob228', 'Fundamentals of Robot Kinematics', 'covers/adipisci-occaecati-eveniet-sed.jpg', 'Recusandae recusandae assumenda earum perferendis ut et mollitia quia. Illum nesciunt excepturi hic soluta qui nulla. Perspiciatis non cumque placeat id.\n\nQuasi ut iure aut et delectus delectus. Et ut qui cumque excepturi perspiciatis quis. Doloribus id et saepe ad deleniti. Error quia adipisci quia sapiente enim pariatur. Quibusdam voluptas magnam iste autem praesentium.\n\nVoluptate recusandae magni omnis doloremque ipsam. Quas inventore aliquam et velit. Recusandae expedita earum vitae qui.\n\nVoluptatem a ullam sint autem dolorem et libero. Debitis nulla aliquam id ad laborum eos omnis. Qui praesentium porro dolorem omnis eligendi reiciendis porro.\n\nLaborum quidem aspernatur qui quis numquam. Velit odit nobis ex et. Nobis doloribus qui nisi non quas alias.', 1, '2026-03-10 09:58:06', '2026-03-10 09:58:06'),
(96, 'Rob662', 'Practicum in Robot Programming', 'covers/voluptas-ab-magni-rerum-aut.jpg', 'Numquam dolores excepturi eaque. Alias sint distinctio iste et odio aut delectus. Saepe laudantium aut sequi aut eveniet debitis.\n\nEt animi tenetur quasi aut. Quo quasi autem voluptas et. Doloribus omnis magnam non fuga voluptatem autem. Officiis quia animi repellendus iste ut id iure.\n\nSuscipit quis at optio eaque vel ea aliquam est. Alias autem consequatur odit quidem temporibus necessitatibus impedit. Praesentium aut tempora optio quod sed quo animi aspernatur.\n\nSint dignissimos enim officiis quae a fuga expedita. Odio voluptates voluptas quia necessitatibus. Dolores magni sunt doloribus iste natus accusantium pariatur ut.\n\nQuod rerum enim nulla. Quibusdam voluptas et nemo. Nemo mollitia fugiat temporibus. Praesentium occaecati et sed ad dolorum ipsam incidunt.', 2, '2026-03-10 09:58:06', '2026-03-10 09:58:06'),
(97, 'Rob337', 'Advanced Robot Kinematics', 'covers/fugiat-est-dolor.jpg', 'Ab est vero nam autem. Doloribus enim perspiciatis vel consequatur repellendus. Corrupti nulla officiis et dignissimos fuga ut.\n\nAut quod est in voluptatem eos et consequuntur. Id sit nisi rerum nemo. Est natus et quas dicta dicta voluptatum quas.\n\nExpedita dolore eum temporibus accusantium sint doloremque labore blanditiis. Recusandae dicta quo quos ut consequatur cupiditate nobis. Blanditiis illo sit sed rerum incidunt doloribus aliquam nesciunt.\n\nAccusantium consequatur provident eveniet dolore repudiandae commodi mollitia. Autem dolor est esse est assumenda ad voluptatem. Facilis rerum et et. Aut quisquam iure voluptatem et et.\n\nMaiores rerum minus quis. Voluptatem facilis aperiam nostrum optio quaerat adipisci. Et voluptatem alias animi ut. Hic voluptatem magni dolor sunt quia voluptatem mollitia.', 3, '2026-03-10 09:58:06', '2026-03-10 09:58:06'),
(98, 'Rob615', 'Applied Computer Vision', 'covers/aliquid-facilis-enim.jpg', 'Aut perspiciatis ipsum odit unde itaque voluptas. Sed voluptates eos maxime dolorem nisi impedit qui. Corporis et asperiores id distinctio eum doloribus illum. Earum consectetur ab officiis quo sunt iusto.\n\nSunt rerum est facilis laborum sed quo fugit quis. Quas amet voluptatem voluptatem id cum odit. Laboriosam sunt fuga quod excepturi fugit. Quod at ut at eligendi sapiente.\n\nSunt saepe laudantium libero qui qui soluta est. Dolore error quidem illum deleniti nisi odio facere non.\n\nNostrum expedita perspiciatis necessitatibus esse eum. Voluptatem quia impedit dicta enim. Quo ipsam soluta quis maiores omnis nihil quia aut. Saepe ut nostrum totam.\n\nMolestiae laborum laborum omnis quia nihil dolor vel. Excepturi soluta provident provident aut minima. Sunt consequuntur qui eveniet vitae sed ut nemo.', 2, '2026-03-10 09:58:06', '2026-03-10 09:58:06'),
(99, 'Rob683', 'Fundamentals of Mechatronics', 'covers/dolorum-iusto-veniam-deserunt.jpg', 'Vel autem ut vel provident optio. Enim unde tenetur dicta earum voluptas tempore. Voluptatem molestiae aliquam quia aut dicta.\n\nAsperiores consequuntur asperiores in quod. Vero culpa asperiores iusto reiciendis est quidem error.\n\nAdipisci commodi culpa sed ullam aut enim aut. Et tempora delectus ut porro quae nisi. Sint ipsum aliquid laborum quidem ad sequi consequatur deserunt. Et qui consequatur asperiores saepe ut aliquid repudiandae cumque.\n\nRepellendus cum nostrum et sit molestiae nemo in. Dolorem repellendus iusto vero distinctio. Voluptatem pariatur et alias.\n\nEarum iste magni dolores deleniti voluptatem laboriosam iure. Maxime at perspiciatis est doloremque ipsam assumenda. Autem laboriosam expedita accusamus.', 3, '2026-03-10 09:58:06', '2026-03-10 09:58:06'),
(100, 'Rob690', 'Applied Mechatronics', 'covers/quibusdam-in-incidunt-eos-enim.jpg', 'Cupiditate dolorem consequatur ad consequuntur vel. Voluptates recusandae porro enim minima aut veritatis provident tempore. Excepturi sequi provident molestiae iste. Dolorem dolores et corporis recusandae omnis. Voluptas ut consequatur laudantium nihil culpa est maxime.\n\nAut sed amet sint neque ullam. Magni voluptatem minima quia magnam odio nemo iusto. Dolorem sint hic odio aut eum.\n\nDeserunt et eum quam repudiandae deserunt earum voluptatem. Suscipit delectus accusantium suscipit.\n\nConsequuntur aperiam atque praesentium dolores. Ut itaque maxime eos et. Enim dolor neque qui dignissimos voluptatibus.\n\nEt nam hic distinctio debitis velit officia et. Officiis consequatur voluptate qui ab error quisquam. Et quam nihil molestias assumenda natus labore qui ut. Est excepturi in quisquam dolore maiores sunt.', 3, '2026-03-10 09:58:06', '2026-03-10 09:58:06'),
(101, 'Rob845', 'Advanced Sensors and Actuators', 'covers/omnis-et.jpg', 'Dolores dolorem voluptate officiis ex sapiente cupiditate cupiditate. Quia facilis aut numquam laudantium ab recusandae. Consequuntur ut fugit omnis earum recusandae vero. Dolores provident vel veniam sequi sint.\n\nAutem laboriosam ut aliquam nihil et sed qui error. Natus fugit facere autem consequatur. Culpa illum dignissimos unde quos molestias dolorum. Consequuntur praesentium omnis est suscipit.\n\nImpedit quam sequi dolores accusamus eos quisquam repellendus. Esse labore vero tenetur quidem ut corporis. Nihil quidem corrupti tempora delectus illum minus laudantium rem.\n\nSint a consequatur et sequi id illo. Quae reiciendis sed enim veniam cum vero expedita. Sunt delectus optio placeat et commodi dolorum qui non. Eveniet quasi consequuntur placeat asperiores.\n\nIpsam vel illo ipsum delectus voluptatem perspiciatis. Et quo reprehenderit consectetur voluptatem quas error mollitia. Corrupti qui rerum reiciendis repellat.', 1, '2026-03-10 09:58:37', '2026-03-10 09:58:37'),
(102, 'Rob965', 'Introduction to Industrial Automation', 'covers/dolorum-et-explicabo.jpg', 'Repudiandae libero odio eveniet libero odio tempore. Qui animi voluptatibus beatae sunt. Similique quasi voluptates odio voluptatibus.\n\nExercitationem aut harum ipsam aut. Iusto quas et quis reiciendis excepturi. Sit natus vero libero non doloribus perferendis. Quod aut accusamus molestiae corrupti officiis eligendi corrupti.\n\nVoluptatem ab provident voluptatem consequatur. Labore voluptas sint exercitationem ipsam ipsam. Ea nobis maxime unde sed. Tempore dolor optio odit pariatur quam.\n\nAdipisci ut occaecati ut molestiae aspernatur aliquam. Voluptatum est optio sequi dolore. Aspernatur veritatis quam voluptatem voluptate. Unde saepe veritatis unde dolor est nulla molestiae.\n\nVel est in similique enim suscipit incidunt sint. Et mollitia ut non dignissimos adipisci. Praesentium nihil nihil assumenda mollitia quidem quos. Ut voluptatem fugiat possimus et eos aliquam blanditiis.', 1, '2026-03-10 09:58:37', '2026-03-10 09:58:37'),
(103, 'Rob367', 'Applied Robot Programming', 'covers/ut-ad-soluta.jpg', 'Est vero ex delectus ut numquam. Blanditiis id temporibus magni aspernatur numquam doloribus. Molestiae neque est et. Debitis voluptatem et et nulla ullam neque. Necessitatibus non cumque provident dolor.\n\nPraesentium et quibusdam reprehenderit quia nesciunt. Ipsa suscipit ut qui modi minus sed. Dolorum quis qui maxime sunt commodi quo molestiae.\n\nOdit aut laudantium ut mollitia. Temporibus necessitatibus ut voluptas quo. Ipsam ut sunt esse assumenda. Laudantium nulla harum laudantium reprehenderit qui corporis reiciendis.\n\nDeserunt id repellat animi cum itaque. Nihil deserunt deserunt repellendus voluptatem exercitationem est est molestiae. Odit enim quis ex voluptatem dolorem. Earum quo nobis adipisci.\n\nVoluptatem eos rerum nobis error rem in. Expedita incidunt dolores illum asperiores nostrum harum sit. Minima fugit quia ab dolorem voluptas ut et. Iusto ut ut et id velit incidunt.', 2, '2026-03-10 09:58:37', '2026-03-10 09:58:37'),
(104, 'Rob924', 'Applied Arduino Programming', 'covers/quisquam-reiciendis-cumque.jpg', 'Et assumenda repellat necessitatibus ullam. Laudantium rem soluta fuga accusantium nemo odio. Et amet voluptas ut aut vel eaque.\n\nLaudantium delectus et libero ab blanditiis. Adipisci dignissimos culpa voluptatem omnis repellat reprehenderit. Aut autem aperiam natus natus minima magni enim. Eaque cumque beatae consequatur laborum nostrum.\n\nVel tenetur cum quos et. Nam voluptas dolor tempore sed odio. Aut error unde quasi.\n\nAnimi voluptas eligendi esse facilis. Sit in nulla sed tenetur. Aliquid ad nihil ea quae odit eius. Illum reiciendis tempora nulla.\n\nEst occaecati rerum laudantium aut facere. Unde illo fugit pariatur necessitatibus atque ea. Rerum quaerat vel qui ad quia optio.', 2, '2026-03-10 09:58:37', '2026-03-10 09:58:37');

-- --------------------------------------------------------

--
-- Estructura de tabla para la tabla `course_group`
--

CREATE TABLE `course_group` (
  `id` bigint(20) UNSIGNED NOT NULL,
  `group_id` bigint(20) UNSIGNED NOT NULL,
  `course_id` bigint(20) UNSIGNED NOT NULL,
  `created_at` timestamp NULL DEFAULT NULL,
  `updated_at` timestamp NULL DEFAULT NULL
) ENGINE=InnoDB DEFAULT CHARSET=utf8mb4 COLLATE=utf8mb4_unicode_ci;

-- --------------------------------------------------------

--
-- Estructura de tabla para la tabla `didactic_materials`
--

CREATE TABLE `didactic_materials` (
  `id` bigint(20) UNSIGNED NOT NULL,
  `course_id` bigint(20) UNSIGNED NOT NULL,
  `title` varchar(255) NOT NULL,
  `file_path` varchar(255) NOT NULL,
  `type` varchar(255) NOT NULL DEFAULT 'pdf',
  `created_at` timestamp NULL DEFAULT NULL,
  `updated_at` timestamp NULL DEFAULT NULL
) ENGINE=InnoDB DEFAULT CHARSET=utf8mb4 COLLATE=utf8mb4_unicode_ci;

-- --------------------------------------------------------

--
-- Estructura de tabla para la tabla `groups`
--

CREATE TABLE `groups` (
  `id` bigint(20) UNSIGNED NOT NULL,
  `name` varchar(255) NOT NULL,
  `description` text DEFAULT NULL,
  `created_at` timestamp NULL DEFAULT NULL,
  `updated_at` timestamp NULL DEFAULT NULL
) ENGINE=InnoDB DEFAULT CHARSET=utf8mb4 COLLATE=utf8mb4_unicode_ci;

-- --------------------------------------------------------

--
-- Estructura de tabla para la tabla `migrations`
--

CREATE TABLE `migrations` (
  `id` int(10) UNSIGNED NOT NULL,
  `migration` varchar(255) NOT NULL,
  `batch` int(11) NOT NULL
) ENGINE=InnoDB DEFAULT CHARSET=utf8mb4 COLLATE=utf8mb4_unicode_ci;

--
-- Volcado de datos para la tabla `migrations`
--

INSERT INTO `migrations` (`id`, `migration`, `batch`) VALUES
(1, '2024_01_01_000001_create_roles_table', 1),
(2, '2024_01_01_000002_create_groups_table', 1),
(3, '2024_01_01_000003_create_robotics_kits_table', 1),
(4, '2024_01_01_000004_create_users_table', 1),
(5, '2024_01_01_000005_create_courses_table', 1),
(6, '2024_01_01_000006_create_course_group_table', 1),
(7, '2024_01_01_000007_create_didactic_materials_table', 1);

-- --------------------------------------------------------

--
-- Estructura de tabla para la tabla `robotics_kits`
--

CREATE TABLE `robotics_kits` (
  `id` bigint(20) UNSIGNED NOT NULL,
  `name` varchar(255) NOT NULL,
  `description` text DEFAULT NULL,
  `created_at` timestamp NULL DEFAULT NULL,
  `updated_at` timestamp NULL DEFAULT NULL
) ENGINE=InnoDB DEFAULT CHARSET=utf8mb4 COLLATE=utf8mb4_unicode_ci;

--
-- Volcado de datos para la tabla `robotics_kits`
--

INSERT INTO `robotics_kits` (`id`, `name`, `description`, `created_at`, `updated_at`) VALUES
(1, 'StarterKit', 'Entry-level kit for Introduction to Robotics and Automation courses.', '2026-03-10 09:58:05', '2026-03-10 09:58:05'),
(2, 'Educational Robotics Kit', 'Intermediate kit designed for Programming for Robotics courses.', '2026-03-10 09:58:05', '2026-03-10 09:58:05'),
(3, 'Kit5', 'Advanced kit for Characteristics of a Robot and complex builds.', '2026-03-10 09:58:05', '2026-03-10 09:58:05');

-- --------------------------------------------------------

--
-- Estructura de tabla para la tabla `roles`
--

CREATE TABLE `roles` (
  `id` bigint(20) UNSIGNED NOT NULL,
  `name` varchar(255) NOT NULL,
  `created_at` timestamp NULL DEFAULT NULL,
  `updated_at` timestamp NULL DEFAULT NULL
) ENGINE=InnoDB DEFAULT CHARSET=utf8mb4 COLLATE=utf8mb4_unicode_ci;

--
-- Volcado de datos para la tabla `roles`
--

INSERT INTO `roles` (`id`, `name`, `created_at`, `updated_at`) VALUES
(1, 'administrative', '2026-03-10 09:58:05', '2026-03-10 09:58:05'),
(2, 'teacher', '2026-03-10 09:58:05', '2026-03-10 09:58:05'),
(3, 'student', '2026-03-10 09:58:05', '2026-03-10 09:58:05');

-- --------------------------------------------------------

--
-- Estructura de tabla para la tabla `users`
--

CREATE TABLE `users` (
  `id` bigint(20) UNSIGNED NOT NULL,
  `username` varchar(255) NOT NULL,
  `email` varchar(255) NOT NULL,
  `password` varchar(255) NOT NULL,
  `role_id` bigint(20) UNSIGNED NOT NULL,
  `group_id` bigint(20) UNSIGNED DEFAULT NULL,
  `remember_token` varchar(100) DEFAULT NULL,
  `created_at` timestamp NULL DEFAULT NULL,
  `updated_at` timestamp NULL DEFAULT NULL
) ENGINE=InnoDB DEFAULT CHARSET=utf8mb4 COLLATE=utf8mb4_unicode_ci;

--
-- Volcado de datos para la tabla `users`
--

INSERT INTO `users` (`id`, `username`, `email`, `password`, `role_id`, `group_id`, `remember_token`, `created_at`, `updated_at`) VALUES
(1, 'Admon', 'admon@robotics.com', '$2y$10$ucyZbUmUA7ofCc.gX2m4dOlUv52jeZuT3TMOIhFJxp.qGp6qClUqW', 1, NULL, NULL, '2026-03-10 09:58:05', '2026-03-10 09:58:05'),
(2, 'Tecmilenio', 'tecmilenio@robotics.com', '$2y$10$IsqTkfilpB1LOXpBGShnVuhrI68Uk1KlOYCUTF9BOknXmBQe2CScy', 2, NULL, NULL, '2026-03-10 09:58:05', '2026-03-10 09:58:05'),
(3, 'Student', 'student@robotics.com', '$2y$10$kTnbjVF2Q8u2qWYBw43mheDF0kRtOuGslJS5DABh3wGo9oKWrRp3S', 3, NULL, NULL, '2026-03-10 09:58:05', '2026-03-10 09:58:05');

--
-- Índices para tablas volcadas
--

--
-- Indices de la tabla `courses`
--
ALTER TABLE `courses`
  ADD PRIMARY KEY (`id`),
  ADD UNIQUE KEY `courses_course_key_unique` (`course_key`),
  ADD KEY `courses_kit_id_foreign` (`kit_id`);

--
-- Indices de la tabla `course_group`
--
ALTER TABLE `course_group`
  ADD PRIMARY KEY (`id`),
  ADD UNIQUE KEY `course_group_group_id_course_id_unique` (`group_id`,`course_id`),
  ADD KEY `course_group_course_id_foreign` (`course_id`);

--
-- Indices de la tabla `didactic_materials`
--
ALTER TABLE `didactic_materials`
  ADD PRIMARY KEY (`id`),
  ADD KEY `didactic_materials_course_id_foreign` (`course_id`);

--
-- Indices de la tabla `groups`
--
ALTER TABLE `groups`
  ADD PRIMARY KEY (`id`);

--
-- Indices de la tabla `migrations`
--
ALTER TABLE `migrations`
  ADD PRIMARY KEY (`id`);

--
-- Indices de la tabla `robotics_kits`
--
ALTER TABLE `robotics_kits`
  ADD PRIMARY KEY (`id`),
  ADD UNIQUE KEY `robotics_kits_name_unique` (`name`);

--
-- Indices de la tabla `roles`
--
ALTER TABLE `roles`
  ADD PRIMARY KEY (`id`),
  ADD UNIQUE KEY `roles_name_unique` (`name`);

--
-- Indices de la tabla `users`
--
ALTER TABLE `users`
  ADD PRIMARY KEY (`id`),
  ADD UNIQUE KEY `users_email_unique` (`email`),
  ADD KEY `users_role_id_foreign` (`role_id`),
  ADD KEY `users_group_id_foreign` (`group_id`);

--
-- AUTO_INCREMENT de las tablas volcadas
--

--
-- AUTO_INCREMENT de la tabla `courses`
--
ALTER TABLE `courses`
  MODIFY `id` bigint(20) UNSIGNED NOT NULL AUTO_INCREMENT, AUTO_INCREMENT=106;

--
-- AUTO_INCREMENT de la tabla `course_group`
--
ALTER TABLE `course_group`
  MODIFY `id` bigint(20) UNSIGNED NOT NULL AUTO_INCREMENT;

--
-- AUTO_INCREMENT de la tabla `didactic_materials`
--
ALTER TABLE `didactic_materials`
  MODIFY `id` bigint(20) UNSIGNED NOT NULL AUTO_INCREMENT;

--
-- AUTO_INCREMENT de la tabla `groups`
--
ALTER TABLE `groups`
  MODIFY `id` bigint(20) UNSIGNED NOT NULL AUTO_INCREMENT;

--
-- AUTO_INCREMENT de la tabla `migrations`
--
ALTER TABLE `migrations`
  MODIFY `id` int(10) UNSIGNED NOT NULL AUTO_INCREMENT, AUTO_INCREMENT=8;

--
-- AUTO_INCREMENT de la tabla `robotics_kits`
--
ALTER TABLE `robotics_kits`
  MODIFY `id` bigint(20) UNSIGNED NOT NULL AUTO_INCREMENT, AUTO_INCREMENT=4;

--
-- AUTO_INCREMENT de la tabla `roles`
--
ALTER TABLE `roles`
  MODIFY `id` bigint(20) UNSIGNED NOT NULL AUTO_INCREMENT, AUTO_INCREMENT=4;

--
-- AUTO_INCREMENT de la tabla `users`
--
ALTER TABLE `users`
  MODIFY `id` bigint(20) UNSIGNED NOT NULL AUTO_INCREMENT, AUTO_INCREMENT=4;

--
-- Restricciones para tablas volcadas
--

--
-- Filtros para la tabla `courses`
--
ALTER TABLE `courses`
  ADD CONSTRAINT `courses_kit_id_foreign` FOREIGN KEY (`kit_id`) REFERENCES `robotics_kits` (`id`);

--
-- Filtros para la tabla `course_group`
--
ALTER TABLE `course_group`
  ADD CONSTRAINT `course_group_course_id_foreign` FOREIGN KEY (`course_id`) REFERENCES `courses` (`id`) ON DELETE CASCADE,
  ADD CONSTRAINT `course_group_group_id_foreign` FOREIGN KEY (`group_id`) REFERENCES `groups` (`id`) ON DELETE CASCADE;

--
-- Filtros para la tabla `didactic_materials`
--
ALTER TABLE `didactic_materials`
  ADD CONSTRAINT `didactic_materials_course_id_foreign` FOREIGN KEY (`course_id`) REFERENCES `courses` (`id`) ON DELETE CASCADE;

--
-- Filtros para la tabla `users`
--
ALTER TABLE `users`
  ADD CONSTRAINT `users_group_id_foreign` FOREIGN KEY (`group_id`) REFERENCES `groups` (`id`) ON DELETE SET NULL,
  ADD CONSTRAINT `users_role_id_foreign` FOREIGN KEY (`role_id`) REFERENCES `roles` (`id`);
COMMIT;

/*!40101 SET CHARACTER_SET_CLIENT=@OLD_CHARACTER_SET_CLIENT */;
/*!40101 SET CHARACTER_SET_RESULTS=@OLD_CHARACTER_SET_RESULTS */;
/*!40101 SET COLLATION_CONNECTION=@OLD_COLLATION_CONNECTION */;
